product_id,product_family,product_department,product_category,product_subcategory,brand_name,product_name
1,Drink,Beverages,Pure Juice Beverages,Juice,Washington,Washington Berry Juice
2,Drink,Beverages,Drinks,Flavored Drinks,Washington,Washington Mango Drink
3,Drink,Beverages,Drinks,Flavored Drinks,Washington,Washington Strawberry Drink
4,Drink,Beverages,Carbonated Beverages,Soda,Washington,Washington Cream Soda
5,Drink,Beverages,Carbonated Beverages,Soda,Washington,Washington Diet Soda
6,Drink,Beverages,Carbonated Beverages,Soda,Washington,Washington Cola
7,Drink,Beverages,Carbonated Beverages,Soda,Washington,Washington Diet Cola
8,Drink,Beverages,Pure Juice Beverages,Juice,Washington,Washington Orange Juice
9,Drink,Beverages,Pure Juice Beverages,Juice,Washington,Washington Cranberry Juice
10,Drink,Beverages,Pure Juice Beverages,Juice,Washington,Washington Apple Juice
11,Drink,Beverages,Drinks,Flavored Drinks,Washington,Washington Apple Drink
12,Food,Breakfast Foods,Breakfast Foods,Cereal,Jeffers,Jeffers Oatmeal
13,Food,Breakfast Foods,Breakfast Foods,Cereal,Jeffers,Jeffers Corn Puffs
14,Food,Breakfast Foods,Breakfast Foods,Cereal,Jeffers,Jeffers Wheat Puffs
15,Food,Breakfast Foods,Breakfast Foods,Cereal,Jeffers,Jeffers Grits
16,Food,Canned Foods,Vegetables,Canned Vegetables,Blue Label,Blue Label Canned Beets
17,Food,Canned Foods,Vegetables,Canned Vegetables,Blue Label,Blue Label Creamed Corn
18,Food,Canned Foods,Vegetables,Canned Vegetables,Blue Label,Blue Label Canned String Beans
19,Food,Canned Foods,Canned Soup,Soup,Blue Label,Blue Label Chicken Soup
20,Food,Canned Foods,Vegetables,Canned Vegetables,Blue Label,Blue Label Canned Yams
21,Food,Canned Foods,Canned Soup,Soup,Blue Label,Blue Label Vegetable Soup
22,Food,Canned Foods,Vegetables,Canned Vegetables,Blue Label,Blue Label Canned Tomatos
23,Food,Canned Foods,Canned Soup,Soup,Blue Label,Blue Label Noodle Soup
24,Food,Canned Foods,Canned Soup,Soup,Blue Label,Blue Label Regular Ramen Soup
25,Food,Canned Foods,Canned Soup,Soup,Blue Label,Blue Label Chicken Noodle Soup
26,Food,Canned Foods,Canned Soup,Soup,Blue Label,Blue Label Turkey Noodle Soup
27,Food,Canned Foods,Canned Soup,Soup,Blue Label,Blue Label Beef Soup
28,Food,Canned Foods,Vegetables,Canned Vegetables,Blue Label,Blue Label Canned Peas
29,Food,Canned Foods,Canned Soup,Soup,Blue Label,Blue Label Chicken Ramen Soup
30,Food,Canned Foods,Canned Tuna,Tuna,Blue Label,Blue Label Canned Tuna in Water
31,Food,Canned Foods,Canned Tuna,Tuna,Blue Label,Blue Label Canned Tuna in Oil
32,Food,Canned Foods,Canned Shrimp,Shrimp,Blue Label,Blue Label Large Canned Shrimp
33,Food,Canned Foods,Canned Anchovies,Anchovies,Blue Label,Blue Label Fancy Canned Anchovies
34,Food,Canned Foods,Canned Clams,Clams,Blue Label,Blue Label Fancy Canned Clams
35,Food,Canned Foods,Canned Oysters,Oysters,Blue Label,Blue Label Fancy Canned Oysters
36,Food,Canned Foods,Canned Sardines,Sardines,Blue Label,Blue Label Fancy Canned Sardines
37,Food,Canned Foods,Canned Soup,Soup,Blue Label,Blue Label Rice Soup
38,Food,Canned Products,Fruit,Canned Fruit,Green Ribbon,Green Ribbon Canned Mixed Fruit
39,Food,Canned Products,Fruit,Canned Fruit,Green Ribbon,Green Ribbon Canned Peaches
40,Non-Consumable,Carousel,Specialty,Sunglasses,King,King Rosy Sunglasses
41,Non-Consumable,Checkout,Hardware,Screwdrivers,Queen,Queen Eyeglass Screwdriver
42,Non-Consumable,Checkout,Miscellaneous,Maps,Queen,Queen City Map
43,Food,Dairy,Dairy,Cottage Cheese,Club,Club Low Fat Cottage Cheese
44,Food,Dairy,Dairy,Sour Cream,Club,Club Low Fat Sour Cream
45,Food,Dairy,Dairy,Sour Cream,Club,Club Sour Cream
46,Food,Dairy,Dairy,Cheese,Club,Club Jack Cheese
47,Food,Dairy,Dairy,Cheese,Club,Club Muenster Cheese
48,Food,Dairy,Dairy,Cheese,Club,Club String Cheese
49,Food,Dairy,Dairy,Cheese,Club,Club Low Fat String Cheese
50,Food,Dairy,Dairy,Cheese,Club,Club Havarti Cheese
51,Food,Dairy,Dairy,Cheese,Club,Club Head Cheese
52,Food,Dairy,Dairy,Cheese,Club,Club Cheese Spread
53,Food,Dairy,Dairy,Cheese,Club,Club Sharp Cheddar Cheese
54,Food,Dairy,Dairy,Cheese,Club,Club Mild Cheddar Cheese
55,Food,Dairy,Dairy,Cottage Cheese,Club,Club Large Curd Cottage Cheese
56,Drink,Dairy,Dairy,Milk,Club,Club 2% Milk
57,Drink,Dairy,Dairy,Milk,Club,Club Buttermilk
58,Drink,Dairy,Dairy,Milk,Club,Club Chocolate Milk
59,Drink,Dairy,Dairy,Milk,Club,Club 1% Milk
60,Drink,Dairy,Dairy,Milk,Club,Club Whole Milk
61,Food,Dairy,Dairy,Yogurt,Club,Club Strawberry Yogurt
62,Food,Dairy,Dairy,Yogurt,Club,Club Blueberry Yogurt
63,Food,Deli,Meat,Hot Dogs,Red Spade,Red Spade Chicken Hot Dogs
64,Food,Deli,Meat,Bologna,Red Spade,Red Spade Pimento Loaf
65,Food,Deli,Meat,Bologna,Red Spade,Red Spade Beef Bologna
66,Food,Deli,Meat,Bologna,Red Spade,Red Spade Low Fat Bologna
67,Food,Deli,Meat,Hot Dogs,Red Spade,Red Spade Turkey Hot Dogs
68,Food,Deli,Meat,Hot Dogs,Red Spade,Red Spade Foot-Long Hot Dogs
69,Food,Deli,Side Dishes,Deli Salads,Red Spade,Red Spade Low Fat Cole Slaw
70,Food,Deli,Side Dishes,Deli Salads,Red Spade,Red Spade Cole Slaw
71,Food,Deli,Meat,Fresh Chicken,Red Spade,Red Spade Roasted Chicken
72,Food,Deli,Meat,Deli Meats,Red Spade,Red Spade Corned Beef
73,Food,Deli,Meat,Deli Meats,Red Spade,Red Spade Sliced Turkey
74,Food,Deli,Meat,Deli Meats,Red Spade,Red Spade Sliced Ham
75,Food,Deli,Side Dishes,Deli Salads,Red Spade,Red Spade Potato Salad
76,Food,Deli,Meat,Deli Meats,Red Spade,Red Spade Sliced Chicken
77,Food,Eggs,Eggs,Eggs,Blue Medal,Blue Medal Small Brown Eggs
78,Food,Eggs,Eggs,Eggs,Blue Medal,Blue Medal Large Brown Eggs
79,Food,Eggs,Eggs,Eggs,Blue Medal,Blue Medal Small Eggs
80,Food,Eggs,Eggs,Eggs,Blue Medal,Blue Medal Large Eggs
81,Food,Eggs,Eggs,Eggs,Blue Medal,Blue Medal Egg Substitute
82,Food,Frozen Foods,Breakfast Foods,Waffles,Golden,Golden Low Fat Waffles
83,Food,Frozen Foods,Frozen Desserts,Popsicles,Golden,Golden Orange Popsicles
84,Food,Frozen Foods,Meat,Frozen Chicken,Golden,Golden Frozen Chicken Breast
85,Food,Frozen Foods,Breakfast Foods,Pancakes,Golden,Golden Frozen Pancakes
86,Food,Frozen Foods,Vegetables,French Fries,Golden,Golden Low Fat French Fries
87,Food,Frozen Foods,Pizza,Pizza,Golden,Golden Frozen Sausage Pizza
88,Food,Frozen Foods,Breakfast Foods,Waffles,Golden,Golden Blueberry Waffles
89,Food,Frozen Foods,Vegetables,French Fries,Golden,Golden Fajita French Fries
90,Food,Frozen Foods,Breakfast Foods,Waffles,Golden,Golden Waffles
91,Food,Frozen Foods,Pizza,Pizza,Golden,Golden Frozen Pepperoni Pizza
92,Food,Frozen Foods,Pizza,Pizza,Golden,Golden Frozen Cheese Pizza
93,Food,Frozen Foods,Pizza,Pizza,Golden,Golden Frozen Mushroom Pizza
94,Food,Frozen Foods,Breakfast Foods,Waffles,Golden,Golden Apple Cinnamon Waffles
95,Food,Frozen Foods,Vegetables,Frozen Vegetables,Golden,Golden Frozen Carrots
96,Food,Frozen Foods,Frozen Entrees,TV Dinner,Golden,Golden Turkey TV Dinner
97,Food,Frozen Foods,Frozen Entrees,TV Dinner,Golden,Golden Chicken TV Dinner
98,Food,Frozen Foods,Frozen Entrees,TV Dinner,Golden,Golden Beef TV Dinner
99,Food,Frozen Foods,Breakfast Foods,Pancake Mix,Golden,Golden Pancake Mix
100,Food,Frozen Foods,Frozen Desserts,Popsicles,Golden,Golden Grape Popsicles
101,Food,Frozen Foods,Vegetables,French Fries,Golden,Golden Home Style French Fries
102,Food,Frozen Foods,Frozen Desserts,Popsicles,Golden,Golden Lime Popsicles
103,Food,Frozen Foods,Frozen Desserts,Ice Cream,Golden,Golden Ice Cream
104,Food,Frozen Foods,Frozen Desserts,Ice Cream,Golden,Golden Ice Cream Sandwich
105,Food,Frozen Foods,Vegetables,Frozen Vegetables,Golden,Golden Frozen Cauliflower
106,Food,Frozen Foods,Vegetables,Frozen Vegetables,Golden,Golden Frozen Broccoli
107,Food,Frozen Foods,Vegetables,Frozen Vegetables,Golden,Golden Frozen Corn
108,Food,Frozen Foods,Vegetables,Frozen Vegetables,Golden,Golden Frozen Peas
109,Food,Frozen Foods,Frozen Desserts,Ice Cream,Golden,Golden Popsicles
110,Food,Frozen Foods,Meat,Frozen Chicken,Golden,Golden Frozen Chicken Thighs
111,Food,Frozen Foods,Meat,Frozen Chicken,Golden,Golden Frozen Chicken Wings
112,Food,Frozen Foods,Frozen Desserts,Popsicles,Golden,Golden Lemon Popsicles
113,Non-Consumable,Health and Hygiene,Bathroom Products,Conditioner,Faux Products,Faux Products Silky Smooth Hair Conditioner
114,Non-Consumable,Health and Hygiene,Hygiene,Personal Hygiene,Faux Products,Faux Products Tartar Control Toothpaste
115,Non-Consumable,Health and Hygiene,Hygiene,Personal Hygiene,Faux Products,Faux Products Whitening Toothpast
116,Non-Consumable,Health and Hygiene,Hygiene,Personal Hygiene,Faux Products,Faux Products Toothpaste
117,Non-Consumable,Health and Hygiene,Hygiene,Personal Hygiene,Faux Products,Faux Products Deodorant
118,Non-Consumable,Health and Hygiene,Bathroom Products,Shampoo,Faux Products,Faux Products Conditioning Shampoo
119,Non-Consumable,Health and Hygiene,Bathroom Products,Shampoo,Faux Products,Faux Products Extra Moisture Shampoo
120,Non-Consumable,Health and Hygiene,Bathroom Products,Toothbrushes,Faux Products,Faux Products Angled Toothbrush
121,Non-Consumable,Health and Hygiene,Bathroom Products,Shampoo,Faux Products,Faux Products Apricot Shampoo
122,Non-Consumable,Health and Hygiene,Pain Relievers,Aspirin,Faux Products,Faux Products Childrens Aspirin
123,Non-Consumable,Health and Hygiene,Pain Relievers,Aspirin,Faux Products,Faux Products Buffered Aspirin
124,Non-Consumable,Health and Hygiene,Pain Relievers,Ibuprofen,Faux Products,Faux Products 200 MG Ibuprofen
125,Non-Consumable,Health and Hygiene,Pain Relievers,Acetominifen,Faux Products,Faux Products 200 MG Acetominifen
126,Non-Consumable,Health and Hygiene,Decongestants,Nasal Sprays,Faux Products,Faux Products HCL Nasal Spray
127,Non-Consumable,Health and Hygiene,Decongestants,Nasal Sprays,Faux Products,Faux Products Dishwasher Detergent
128,Non-Consumable,Health and Hygiene,Cold Remedies,Cold Remedies,Faux Products,Faux Products Multi-Symptom Cold Remedy
129,Non-Consumable,Health and Hygiene,Cold Remedies,Cold Remedies,Faux Products,Faux Products Childrens Cold Remedy
130,Non-Consumable,Health and Hygiene,Bathroom Products,Mouthwash,Faux Products,Faux Products Laundry Detergent
131,Non-Consumable,Health and Hygiene,Bathroom Products,Mouthwash,Faux Products,Faux Products Mint Mouthwash
132,Non-Consumable,Household,Electrical,Lightbulbs,Denny,Denny 60 Watt Lightbulb
133,Non-Consumable,Household,Plastic Products,Plastic Utensils,Denny,Denny Plastic Forks
134,Non-Consumable,Household,Plastic Products,Plastic Utensils,Denny,Denny Plastic Spoons
135,Non-Consumable,Household,Plastic Products,Plastic Utensils,Denny,Denny Plastic Knives
136,Non-Consumable,Household,Electrical,Batteries,Denny,Denny C-Size Batteries
137,Non-Consumable,Household,Electrical,Lightbulbs,Denny,Denny 100 Watt Lightbulb
138,Non-Consumable,Household,Electrical,Batteries,Denny,Denny AAA-Size Batteries
139,Non-Consumable,Household,Paper Products,Paper Dishes,Denny,Denny Paper Plates
140,Non-Consumable,Household,Paper Products,Paper Dishes,Denny,Denny Paper Cups
141,Non-Consumable,Household,Electrical,Lightbulbs,Denny,Denny 75 Watt Lightbulb
142,Non-Consumable,Household,Cleaning Supplies,Cleaners,Denny,Denny Toilet Bowl Cleaner
143,Non-Consumable,Household,Cleaning Supplies,Cleaners,Denny,Denny Counter Cleaner
144,Non-Consumable,Household,Cleaning Supplies,Cleaners,Denny,Denny Glass Cleaner
145,Non-Consumable,Household,Electrical,Lightbulbs,Denny,Denny 25 Watt Lightbulb
146,Non-Consumable,Household,Electrical,Batteries,Denny,Denny AA-Size Batteries
147,Non-Consumable,Household,Electrical,Batteries,Denny,Denny D-Size Batteries
148,Non-Consumable,Household,Paper Products,Paper Wipes,Denny,Denny Paper Towels
149,Non-Consumable,Household,Paper Products,Paper Wipes,Denny,Denny Soft Napkins
150,Non-Consumable,Household,Paper Products,Paper Wipes,Denny,Denny Scented Tissue
151,Non-Consumable,Household,Paper Products,Paper Wipes,Denny,Denny Toilet Paper
152,Non-Consumable,Household,Paper Products,Paper Wipes,Denny,Denny Tissues
153,Non-Consumable,Household,Paper Products,Paper Wipes,Denny,Denny Scented Toilet Tissue
154,Non-Consumable,Household,Cleaning Supplies,Deodorizers,Denny,Denny Room Freshener
155,Non-Consumable,Household,Kitchen Products,Pots and Pans,Denny,Denny Frying Pan
156,Non-Consumable,Household,Kitchen Products,Pot Cleaners,Denny,Denny Copper Cleaner
157,Non-Consumable,Household,Candles,Candles,Denny,Denny Bees Wax Candles
158,Non-Consumable,Household,Kitchen Products,Pot Cleaners,Denny,Denny Silver Cleaner
159,Non-Consumable,Household,Kitchen Products,Pot Scrubbers,Denny,Denny Copper Pot Scrubber
160,Non-Consumable,Household,Bathroom Products,Toilet Brushes,Denny,Denny Economy Toilet Brush
161,Non-Consumable,Household,Hardware,Tools,Denny,Denny Scissors
162,Non-Consumable,Household,Kitchen Products,Sponges,Denny,Denny Large Sponge
163,Non-Consumable,Household,Hardware,Tools,Denny,Denny Screw Driver
164,Food,Meat,Meat,Hamburger,Ship Shape,Ship Shape Extra Lean Hamburger
165,Food,Meat,Meat,Hamburger,Ship Shape,Ship Shape Seasoned Hamburger
166,Non-Consumable,Periodicals,Magazines,Sports Magazines,Robust,Robust Monthly Sports Magazine
167,Non-Consumable,Periodicals,Magazines,Auto Magazines,Robust,Robust Monthly Auto Magazine
168,Non-Consumable,Periodicals,Magazines,Computer Magazines,Robust,Robust Monthly Computer Magazine
169,Non-Consumable,Periodicals,Magazines,Home Magazines,Robust,Robust Monthly Home Magazine
170,Non-Consumable,Periodicals,Magazines,Fashion Magazines,Robust,Robust Monthly Fashion Magazine
171,Food,Produce,Vegetables,Fresh Vegetables,High Top,High Top Summer Squash
172,Food,Produce,Vegetables,Fresh Vegetables,High Top,High Top Corn on the Cob
173,Food,Produce,Vegetables,Fresh Vegetables,High Top,High Top Asparagus
174,Food,Produce,Vegetables,Fresh Vegetables,High Top,High Top Sweet Peas
175,Food,Produce,Vegetables,Fresh Vegetables,High Top,High Top New Potatos
176,Food,Produce,Vegetables,Fresh Vegetables,High Top,High Top Beets
177,Food,Produce,Vegetables,Fresh Vegetables,High Top,High Top Prepared Salad
178,Food,Produce,Vegetables,Fresh Vegetables,High Top,High Top Onions
179,Food,Produce,Vegetables,Fresh Vegetables,High Top,High Top Green Pepper
180,Food,Produce,Vegetables,Fresh Vegetables,High Top,High Top Shitake Mushrooms
181,Food,Produce,Vegetables,Fresh Vegetables,High Top,High Top Lettuce
182,Food,Produce,Vegetables,Fresh Vegetables,High Top,High Top Elephant Garlic
183,Food,Produce,Vegetables,Fresh Vegetables,High Top,High Top Red Pepper
184,Food,Produce,Vegetables,Fresh Vegetables,High Top,High Top Garlic
185,Food,Produce,Vegetables,Fresh Vegetables,High Top,High Top Potatos
186,Food,Produce,Vegetables,Fresh Vegetables,High Top,High Top Cauliflower
187,Food,Produce,Vegetables,Fresh Vegetables,High Top,High Top Tomatos
188,Food,Produce,Vegetables,Fresh Vegetables,High Top,High Top Mushrooms
189,Food,Produce,Vegetables,Fresh Vegetables,High Top,High Top Baby Onion
190,Food,Produce,Vegetables,Fresh Vegetables,High Top,High Top Dried Mushrooms
191,Food,Produce,Vegetables,Fresh Vegetables,High Top,High Top Fresh Lima Beans
192,Food,Produce,Vegetables,Fresh Vegetables,High Top,High Top Squash
193,Food,Produce,Fruit,Fresh Fruit,High Top,High Top Limes
194,Food,Produce,Packaged Vegetables,Tofu,High Top,High Top Firm Tofu
195,Food,Produce,Specialty,Nuts,High Top,High Top Almonds
196,Food,Produce,Fruit,Fresh Fruit,High Top,High Top Macintosh Apples
197,Food,Produce,Fruit,Fresh Fruit,High Top,High Top Golden Delcious Apples
198,Food,Produce,Fruit,Fresh Fruit,High Top,High Top Red Delcious Apples
199,Food,Produce,Fruit,Fresh Fruit,High Top,High Top Lemons
200,Food,Produce,Fruit,Fresh Fruit,High Top,High Top Fancy Plums
201,Food,Produce,Fruit,Fresh Fruit,High Top,High Top Plums
202,Food,Produce,Fruit,Fresh Fruit,High Top,High Top Peaches
203,Food,Produce,Vegetables,Fresh Vegetables,High Top,High Top Broccoli
204,Food,Produce,Fruit,Fresh Fruit,High Top,High Top Mandarin Oranges
205,Food,Produce,Specialty,Nuts,High Top,High Top Mixed Nuts
206,Food,Produce,Specialty,Nuts,High Top,High Top Canned Peanuts
207,Food,Produce,Vegetables,Fresh Vegetables,High Top,High Top Sweet Onion
208,Food,Produce,Fruit,Fresh Fruit,High Top,High Top Cantelope
209,Food,Produce,Fruit,Fresh Fruit,High Top,High Top Honey Dew
210,Food,Produce,Fruit,Fresh Fruit,High Top,High Top Fuji Apples
211,Food,Produce,Specialty,Nuts,High Top,High Top Walnuts
212,Food,Produce,Fruit,Fresh Fruit,High Top,High Top Oranges
213,Food,Produce,Fruit,Fresh Fruit,High Top,High Top Tangerines
214,Food,Produce,Specialty,Nuts,High Top,High Top Party Nuts
215,Food,Seafood,Seafood,Fresh Fish,Tip Top,Tip Top Lox
216,Food,Seafood,Seafood,Shellfish,Tip Top,Tip Top Scallops
217,Food,Snack Foods,Snack Foods,Cookies,Best Choice,Best Choice Low Fat Cookies
218,Food,Snack Foods,Snack Foods,Chips,Best Choice,Best Choice BBQ Potato Chips
219,Food,Snack Foods,Snack Foods,Chips,Best Choice,Best Choice Corn Chips
220,Food,Snack Foods,Snack Foods,Chips,Best Choice,Best Choice Low Fat BBQ Chips
221,Food,Snack Foods,Snack Foods,Cookies,Best Choice,Best Choice Sugar Cookies
222,Food,Snack Foods,Snack Foods,Cookies,Best Choice,Best Choice Chocolate Chip Cookies
223,Food,Snack Foods,Snack Foods,Cookies,Best Choice,Best Choice Fudge Cookies
224,Food,Snack Foods,Snack Foods,Cookies,Best Choice,Best Choice Fudge Brownies
225,Food,Snack Foods,Snack Foods,Chips,Best Choice,Best Choice Potato Chips
226,Food,Snack Foods,Snack Foods,Cookies,Best Choice,Best Choice Lemon Cookies
227,Food,Snack Foods,Snack Foods,Cookies,Best Choice,Best Choice Graham Crackers
228,Food,Snack Foods,Snack Foods,Crackers,Best Choice,Best Choice Cheese Crackers
229,Food,Snack Foods,Snack Foods,Popcorn,Best Choice,Best Choice Buttered Popcorn
230,Food,Snack Foods,Snack Foods,Popcorn,Best Choice,Best Choice No Salt Popcorn
231,Food,Snack Foods,Snack Foods,Popcorn,Best Choice,Best Choice Low Fat Popcorn
232,Food,Snack Foods,Snack Foods,Dips,Best Choice,Best Choice Salsa Dip
233,Food,Snack Foods,Snack Foods,Dips,Best Choice,Best Choice Avocado Dip
234,Food,Snack Foods,Snack Foods,Pretzels,Best Choice,Best Choice Salted Pretzels
235,Food,Snack Foods,Snack Foods,Dips,Best Choice,Best Choice Cheese Dip
236,Food,Snack Foods,Snack Foods,Dips,Best Choice,Best Choice Fondue Mix
237,Food,Snack Foods,Snack Foods,Donuts,Best Choice,Best Choice Mini Donuts
238,Food,Snack Foods,Snack Foods,Dried Meat,Best Choice,Best Choice Beef Jerky
239,Food,Snack Foods,Snack Foods,Donuts,Best Choice,Best Choice Chocolate Donuts
240,Food,Snack Foods,Snack Foods,Chips,Best Choice,Best Choice Low Fat Chips
241,Food,Snack Foods,Snack Foods,Crackers,Best Choice,Best Choice Sesame Crackers
242,Food,Snack Foods,Snack Foods,Cookies,Best Choice,Best Choice Frosted Cookies
243,Food,Snack Foods,Snack Foods,Dried Fruit,Best Choice,Best Choice Dried Apples
244,Food,Snack Foods,Snack Foods,Dried Fruit,Best Choice,Best Choice Apple Fruit Roll
245,Food,Snack Foods,Snack Foods,Dried Fruit,Best Choice,Best Choice Strawberry Fruit Roll
246,Food,Snack Foods,Snack Foods,Dried Fruit,Best Choice,Best Choice Raspberry Fruit Roll
247,Food,Snack Foods,Snack Foods,Dried Fruit,Best Choice,Best Choice Grape Fruit Roll
248,Food,Snack Foods,Snack Foods,Dried Fruit,Best Choice,Best Choice Dried Dates
249,Food,Snack Foods,Snack Foods,Dried Fruit,Best Choice,Best Choice Raisins
250,Food,Snack Foods,Snack Foods,Dried Fruit,Best Choice,Best Choice Golden Raisins
251,Food,Snack Foods,Snack Foods,Dried Fruit,Best Choice,Best Choice Dried Apricots
252,Food,Snack Foods,Snack Foods,Donuts,Best Choice,Best Choice Frosted Donuts
253,Food,Snacks,Candy,Chocolate Candy,Choice,Choice Tasty Candy Bar
254,Food,Snacks,Candy,Chocolate Candy,Choice,Choice Mint Chocolate Bar
255,Food,Snacks,Candy,Chocolate Candy,Choice,Choice Malted Milk Balls
256,Food,Snacks,Candy,Chocolate Candy,Choice,Choice Semi-Sweet Chocolate Bar
257,Food,Snacks,Candy,Gum,Choice,Choice Bubble Gum
258,Food,Snacks,Candy,Hard Candy,Choice,Choice Spicy Mints
259,Food,Snacks,Candy,Hard Candy,Choice,Choice Mints
260,Food,Snacks,Candy,Chocolate Candy,Choice,Choice White Chocolate Bar
261,Food,Starchy Foods,Starchy Foods,Pasta,Medalist,Medalist Ravioli
262,Food,Starchy Foods,Starchy Foods,Pasta,Medalist,Medalist Manicotti
263,Food,Starchy Foods,Starchy Foods,Pasta,Medalist,Medalist Spaghetti
264,Food,Starchy Foods,Starchy Foods,Rice,Medalist,Medalist Thai Rice
265,Food,Starchy Foods,Starchy Foods,Rice,Medalist,Medalist Rice Medly
266,Drink,Alcoholic Beverages,Beer and Wine,Beer,Good,Good Imported Beer
267,Drink,Alcoholic Beverages,Beer and Wine,Wine,Good,Good Light Wine
268,Drink,Alcoholic Beverages,Beer and Wine,Wine,Good,Good Chardonnay Wine
269,Drink,Alcoholic Beverages,Beer and Wine,Wine,Good,Good Chablis Wine
270,Drink,Alcoholic Beverages,Beer and Wine,Wine,Good,Good Merlot Wine
271,Drink,Alcoholic Beverages,Beer and Wine,Wine,Good,Good Chardonnay
272,Drink,Alcoholic Beverages,Beer and Wine,Wine,Good,Good White Zinfandel Wine
273,Drink,Alcoholic Beverages,Beer and Wine,Beer,Good,Good Light Beer
274,Food,Baked Goods,Bread,Sliced Bread,Great,Great Pumpernickel Bread
275,Food,Baked Goods,Bread,Sliced Bread,Great,Great White Bread
276,Food,Baked Goods,Bread,Sliced Bread,Great,Great Rye Bread
277,Food,Baked Goods,Bread,Muffins,Great,Great English Muffins
278,Food,Baked Goods,Bread,Muffins,Great,Great Cranberry Muffins
279,Food,Baked Goods,Bread,Muffins,Great,Great Muffins
280,Food,Baked Goods,Bread,Bagels,Great,Great Bagels
281,Food,Baked Goods,Bread,Muffins,Great,Great Blueberry Muffins
282,Food,Baked Goods,Bread,Sliced Bread,Great,Great Wheat Bread
283,Food,Baking Goods,Baking Goods,Cooking Oil,Super,Super Sesame Oil
284,Food,Baking Goods,Jams and Jellies,Peanut Butter,Super,Super Chunky Peanut Butter
285,Drink,Beverages,Hot Beverages,Chocolate,Super,Super Hot Chocolate
286,Food,Baking Goods,Baking Goods,Sugar,Super,Super Brown Sugar
287,Food,Baking Goods,Baking Goods,Sugar,Super,Super White Sugar
288,Drink,Beverages,Hot Beverages,Coffee,Super,Super French Roast Coffee
289,Drink,Beverages,Hot Beverages,Coffee,Super,Super Decaf Coffee
290,Drink,Beverages,Hot Beverages,Coffee,Super,Super Regular Coffee
291,Food,Baking Goods,Baking Goods,Cooking Oil,Super,Super Vegetable Oil
292,Food,Baking Goods,Baking Goods,Cooking Oil,Super,Super Corn Oil
293,Food,Baking Goods,Baking Goods,Sauces,Super,Super Tomato Sauce
294,Food,Baking Goods,Baking Goods,Cooking Oil,Super,Super Canola Oil
295,Food,Baking Goods,Jams and Jellies,Preserves,Super,Super Grape Preserves
296,Drink,Beverages,Hot Beverages,Coffee,Super,Super Columbian Coffee
297,Food,Baking Goods,Jams and Jellies,Jelly,Super,Super Strawberry Jelly
298,Food,Baking Goods,Baking Goods,Spices,Super,Super Pepper
299,Food,Baking Goods,Jams and Jellies,Preserves,Super,Super Low Fat Apple Butter
300,Food,Baking Goods,Baking Goods,Spices,Super,Super Salt
301,Food,Baking Goods,Jams and Jellies,Preserves,Super,Super Apple Butter
302,Food,Baking Goods,Baking Goods,Spices,Super,Super Oregano
303,Food,Baking Goods,Jams and Jellies,Jelly,Super,Super Apple Jelly
304,Food,Baking Goods,Jams and Jellies,Jam,Super,Super Grape Jam
305,Food,Baking Goods,Jams and Jellies,Jam,Super,Super Apple Jam
306,Food,Baking Goods,Jams and Jellies,Jam,Super,Super Strawberry Jam
307,Food,Baking Goods,Jams and Jellies,Peanut Butter,Super,Super Creamy Peanut Butter
308,Food,Baking Goods,Jams and Jellies,Preserves,Super,Super Strawberry Preserves
309,Food,Baking Goods,Jams and Jellies,Peanut Butter,Super,Super Extra Chunky Peanut Butter
310,Food,Baking Goods,Jams and Jellies,Preserves,Super,Super Apple Preserves
311,Food,Baking Goods,Jams and Jellies,Jelly,Super,Super Grape Jelly
312,Drink,Beverages,Pure Juice Beverages,Juice,Excellent,Excellent Berry Juice
313,Drink,Beverages,Drinks,Flavored Drinks,Excellent,Excellent Mango Drink
314,Drink,Beverages,Drinks,Flavored Drinks,Excellent,Excellent Strawberry Drink
315,Drink,Beverages,Carbonated Beverages,Soda,Excellent,Excellent Cream Soda
316,Drink,Beverages,Carbonated Beverages,Soda,Excellent,Excellent Diet Soda
317,Drink,Beverages,Carbonated Beverages,Soda,Excellent,Excellent Cola
318,Drink,Beverages,Carbonated Beverages,Soda,Excellent,Excellent Diet Cola
319,Drink,Beverages,Pure Juice Beverages,Juice,Excellent,Excellent Orange Juice
320,Drink,Beverages,Pure Juice Beverages,Juice,Excellent,Excellent Cranberry Juice
321,Drink,Beverages,Pure Juice Beverages,Juice,Excellent,Excellent Apple Juice
322,Drink,Beverages,Drinks,Flavored Drinks,Excellent,Excellent Apple Drink
323,Food,Breakfast Foods,Breakfast Foods,Cereal,Best,Best Oatmeal
324,Food,Breakfast Foods,Breakfast Foods,Cereal,Best,Best Corn Puffs
325,Food,Breakfast Foods,Breakfast Foods,Cereal,Best,Best Wheat Puffs
326,Food,Breakfast Foods,Breakfast Foods,Cereal,Best,Best Grits
327,Food,Canned Foods,Vegetables,Canned Vegetables,Better,Better Canned Beets
328,Food,Canned Foods,Vegetables,Canned Vegetables,Better,Better Creamed Corn
329,Food,Canned Foods,Vegetables,Canned Vegetables,Better,Better Canned String Beans
330,Food,Canned Foods,Canned Soup,Soup,Better,Better Chicken Soup
331,Food,Canned Foods,Vegetables,Canned Vegetables,Better,Better Canned Yams
332,Food,Canned Foods,Canned Soup,Soup,Better,Better Vegetable Soup
333,Food,Canned Foods,Vegetables,Canned Vegetables,Better,Better Canned Tomatos
334,Food,Canned Foods,Canned Soup,Soup,Better,Better Noodle Soup
335,Food,Canned Foods,Canned Soup,Soup,Better,Better Regular Ramen Soup
336,Food,Canned Foods,Canned Soup,Soup,Better,Better Chicken Noodle Soup
337,Food,Canned Foods,Canned Soup,Soup,Better,Better Turkey Noodle Soup
338,Food,Canned Foods,Canned Soup,Soup,Better,Better Beef Soup
339,Food,Canned Foods,Vegetables,Canned Vegetables,Better,Better Canned Peas
340,Food,Canned Foods,Canned Soup,Soup,Better,Better Chicken Ramen Soup
341,Food,Canned Foods,Canned Tuna,Tuna,Better,Better Canned Tuna in Water
342,Food,Canned Foods,Canned Tuna,Tuna,Better,Better Canned Tuna in Oil
343,Food,Canned Foods,Canned Shrimp,Shrimp,Better,Better Large Canned Shrimp
344,Food,Canned Foods,Canned Anchovies,Anchovies,Better,Better Fancy Canned Anchovies
345,Food,Canned Foods,Canned Clams,Clams,Better,Better Fancy Canned Clams
346,Food,Canned Foods,Canned Oysters,Oysters,Better,Better Fancy Canned Oysters
347,Food,Canned Foods,Canned Sardines,Sardines,Better,Better Fancy Canned Sardines
348,Food,Canned Foods,Canned Soup,Soup,Better,Better Rice Soup
349,Food,Canned Products,Fruit,Canned Fruit,Swell,Swell Canned Mixed Fruit
350,Food,Canned Products,Fruit,Canned Fruit,Swell,Swell Canned Peaches
351,Non-Consumable,Carousel,Specialty,Sunglasses,ADJ,ADJ Rosy Sunglasses
352,Non-Consumable,Checkout,Hardware,Screwdrivers,Black Tie,Black Tie Eyeglass Screwdriver
353,Non-Consumable,Checkout,Miscellaneous,Maps,Black Tie,Black Tie City Map
354,Food,Dairy,Dairy,Cottage Cheese,Carlson,Carlson Low Fat Cottage Cheese
355,Food,Dairy,Dairy,Sour Cream,Carlson,Carlson Low Fat Sour Cream
356,Food,Dairy,Dairy,Sour Cream,Carlson,Carlson Sour Cream
357,Food,Dairy,Dairy,Cheese,Carlson,Carlson Jack Cheese
358,Food,Dairy,Dairy,Cheese,Carlson,Carlson Muenster Cheese
359,Food,Dairy,Dairy,Cheese,Carlson,Carlson String Cheese
360,Food,Dairy,Dairy,Cheese,Carlson,Carlson Low Fat String Cheese
361,Food,Dairy,Dairy,Cheese,Carlson,Carlson Havarti Cheese
362,Food,Dairy,Dairy,Cheese,Carlson,Carlson Head Cheese
363,Food,Dairy,Dairy,Cheese,Carlson,Carlson Cheese Spread
364,Food,Dairy,Dairy,Cheese,Carlson,Carlson Sharp Cheddar Cheese
365,Food,Dairy,Dairy,Cheese,Carlson,Carlson Mild Cheddar Cheese
366,Food,Dairy,Dairy,Cottage Cheese,Carlson,Carlson Large Curd Cottage Cheese
367,Drink,Dairy,Dairy,Milk,Carlson,Carlson 2% Milk
368,Drink,Dairy,Dairy,Milk,Carlson,Carlson Buttermilk
369,Drink,Dairy,Dairy,Milk,Carlson,Carlson Chocolate Milk
370,Drink,Dairy,Dairy,Milk,Carlson,Carlson 1% Milk
371,Drink,Dairy,Dairy,Milk,Carlson,Carlson Whole Milk
372,Food,Dairy,Dairy,Yogurt,Carlson,Carlson Strawberry Yogurt
373,Food,Dairy,Dairy,Yogurt,Carlson,Carlson Blueberry Yogurt
374,Food,Deli,Meat,Hot Dogs,Moms,Moms Chicken Hot Dogs
375,Food,Deli,Meat,Bologna,Moms,Moms Pimento Loaf
376,Food,Deli,Meat,Bologna,Moms,Moms Beef Bologna
377,Food,Deli,Meat,Bologna,Moms,Moms Low Fat Bologna
378,Food,Deli,Meat,Hot Dogs,Moms,Moms Turkey Hot Dogs
379,Food,Deli,Meat,Hot Dogs,Moms,Moms Foot-Long Hot Dogs
380,Food,Deli,Side Dishes,Deli Salads,Moms,Moms Low Fat Cole Slaw
381,Food,Deli,Side Dishes,Deli Salads,Moms,Moms Cole Slaw
382,Food,Deli,Meat,Fresh Chicken,Moms,Moms Roasted Chicken
383,Food,Deli,Meat,Deli Meats,Moms,Moms Corned Beef
384,Food,Deli,Meat,Deli Meats,Moms,Moms Sliced Turkey
385,Food,Deli,Meat,Deli Meats,Moms,Moms Sliced Ham
386,Food,Deli,Side Dishes,Deli Salads,Moms,Moms Potato Salad
387,Food,Deli,Meat,Deli Meats,Moms,Moms Sliced Chicken
388,Food,Eggs,Eggs,Eggs,Urban,Urban Small Brown Eggs
389,Food,Eggs,Eggs,Eggs,Urban,Urban Large Brown Eggs
390,Food,Eggs,Eggs,Eggs,Urban,Urban Small Eggs
391,Food,Eggs,Eggs,Eggs,Urban,Urban Large Eggs
392,Food,Eggs,Eggs,Eggs,Urban,Urban Egg Substitute
393,Food,Frozen Foods,Breakfast Foods,Waffles,Big Time,Big Time Low Fat Waffles
394,Food,Frozen Foods,Frozen Desserts,Popsicles,Big Time,Big Time Orange Popsicles
395,Food,Frozen Foods,Meat,Frozen Chicken,Big Time,Big Time Frozen Chicken Breast
396,Food,Frozen Foods,Breakfast Foods,Pancakes,Big Time,Big Time Frozen Pancakes
397,Food,Frozen Foods,Vegetables,French Fries,Big Time,Big Time Low Fat French Fries
398,Food,Frozen Foods,Pizza,Pizza,Big Time,Big Time Frozen Sausage Pizza
399,Food,Frozen Foods,Breakfast Foods,Waffles,Big Time,Big Time Blueberry Waffles
400,Food,Frozen Foods,Vegetables,French Fries,Big Time,Big Time Fajita French Fries
401,Food,Frozen Foods,Breakfast Foods,Waffles,Big Time,Big Time Waffles
402,Food,Frozen Foods,Pizza,Pizza,Big Time,Big Time Frozen Pepperoni Pizza
403,Food,Frozen Foods,Pizza,Pizza,Big Time,Big Time Frozen Cheese Pizza
404,Food,Frozen Foods,Pizza,Pizza,Big Time,Big Time Frozen Mushroom Pizza
405,Food,Frozen Foods,Breakfast Foods,Waffles,Big Time,Big Time Apple Cinnamon Waffles
406,Food,Frozen Foods,Vegetables,Frozen Vegetables,Big Time,Big Time Frozen Carrots
407,Food,Frozen Foods,Frozen Entrees,TV Dinner,Big Time,Big Time Turkey TV Dinner
408,Food,Frozen Foods,Frozen Entrees,TV Dinner,Big Time,Big Time Chicken TV Dinner
409,Food,Frozen Foods,Frozen Entrees,TV Dinner,Big Time,Big Time Beef TV Dinner
410,Food,Frozen Foods,Breakfast Foods,Pancake Mix,Big Time,Big Time Pancake Mix
411,Food,Frozen Foods,Frozen Desserts,Popsicles,Big Time,Big Time Grape Popsicles
412,Food,Frozen Foods,Vegetables,French Fries,Big Time,Big Time Home Style French Fries
413,Food,Frozen Foods,Frozen Desserts,Popsicles,Big Time,Big Time Lime Popsicles
414,Food,Frozen Foods,Frozen Desserts,Ice Cream,Big Time,Big Time Ice Cream
415,Food,Frozen Foods,Frozen Desserts,Ice Cream,Big Time,Big Time Ice Cream Sandwich
416,Food,Frozen Foods,Vegetables,Frozen Vegetables,Big Time,Big Time Frozen Cauliflower
417,Food,Frozen Foods,Vegetables,Frozen Vegetables,Big Time,Big Time Frozen Broccoli
418,Food,Frozen Foods,Vegetables,Frozen Vegetables,Big Time,Big Time Frozen Corn
419,Food,Frozen Foods,Vegetables,Frozen Vegetables,Big Time,Big Time Frozen Peas
420,Food,Frozen Foods,Frozen Desserts,Ice Cream,Big Time,Big Time Popsicles
421,Food,Frozen Foods,Meat,Frozen Chicken,Big Time,Big Time Frozen Chicken Thighs
422,Food,Frozen Foods,Meat,Frozen Chicken,Big Time,Big Time Frozen Chicken Wings
423,Food,Frozen Foods,Frozen Desserts,Popsicles,Big Time,Big Time Lemon Popsicles
424,Non-Consumable,Health and Hygiene,Bathroom Products,Conditioner,Steady,Steady Silky Smooth Hair Conditioner
425,Non-Consumable,Health and Hygiene,Hygiene,Personal Hygiene,Steady,Steady Tartar Control Toothpaste
426,Non-Consumable,Health and Hygiene,Hygiene,Personal Hygiene,Steady,Steady Whitening Toothpast
427,Non-Consumable,Health and Hygiene,Hygiene,Personal Hygiene,Steady,Steady Toothpaste
428,Non-Consumable,Health and Hygiene,Hygiene,Personal Hygiene,Steady,Steady Deodorant
429,Non-Consumable,Health and Hygiene,Bathroom Products,Shampoo,Steady,Steady Conditioning Shampoo
430,Non-Consumable,Health and Hygiene,Bathroom Products,Shampoo,Steady,Steady Extra Moisture Shampoo
431,Non-Consumable,Health and Hygiene,Bathroom Products,Toothbrushes,Steady,Steady Angled Toothbrush
432,Non-Consumable,Health and Hygiene,Bathroom Products,Shampoo,Steady,Steady Apricot Shampoo
433,Non-Consumable,Health and Hygiene,Pain Relievers,Aspirin,Steady,Steady Childrens Aspirin
434,Non-Consumable,Health and Hygiene,Pain Relievers,Aspirin,Steady,Steady Buffered Aspirin
435,Non-Consumable,Health and Hygiene,Pain Relievers,Ibuprofen,Steady,Steady 200 MG Ibuprofen
436,Non-Consumable,Health and Hygiene,Pain Relievers,Acetominifen,Steady,Steady 200 MG Acetominifen
437,Non-Consumable,Health and Hygiene,Decongestants,Nasal Sprays,Steady,Steady HCL Nasal Spray
438,Non-Consumable,Health and Hygiene,Decongestants,Nasal Sprays,Steady,Steady Dishwasher Detergent
439,Non-Consumable,Health and Hygiene,Cold Remedies,Cold Remedies,Steady,Steady Multi-Symptom Cold Remedy
440,Non-Consumable,Health and Hygiene,Cold Remedies,Cold Remedies,Steady,Steady Childrens Cold Remedy
441,Non-Consumable,Health and Hygiene,Bathroom Products,Mouthwash,Steady,Steady Laundry Detergent
442,Non-Consumable,Health and Hygiene,Bathroom Products,Mouthwash,Steady,Steady Mint Mouthwash
443,Non-Consumable,Household,Electrical,Lightbulbs,Red Wing,Red Wing 60 Watt Lightbulb
444,Non-Consumable,Household,Plastic Products,Plastic Utensils,Red Wing,Red Wing Plastic Forks
445,Non-Consumable,Household,Plastic Products,Plastic Utensils,Red Wing,Red Wing Plastic Spoons
446,Non-Consumable,Household,Plastic Products,Plastic Utensils,Red Wing,Red Wing Plastic Knives
447,Non-Consumable,Household,Electrical,Batteries,Red Wing,Red Wing C-Size Batteries
448,Non-Consumable,Household,Electrical,Lightbulbs,Red Wing,Red Wing 100 Watt Lightbulb
449,Non-Consumable,Household,Electrical,Batteries,Red Wing,Red Wing AAA-Size Batteries
450,Non-Consumable,Household,Paper Products,Paper Dishes,Red Wing,Red Wing Paper Plates
451,Non-Consumable,Household,Paper Products,Paper Dishes,Red Wing,Red Wing Paper Cups
452,Non-Consumable,Household,Electrical,Lightbulbs,Red Wing,Red Wing 75 Watt Lightbulb
453,Non-Consumable,Household,Cleaning Supplies,Cleaners,Red Wing,Red Wing Toilet Bowl Cleaner
454,Non-Consumable,Household,Cleaning Supplies,Cleaners,Red Wing,Red Wing Counter Cleaner
455,Non-Consumable,Household,Cleaning Supplies,Cleaners,Red Wing,Red Wing Glass Cleaner
456,Non-Consumable,Household,Electrical,Lightbulbs,Red Wing,Red Wing 25 Watt Lightbulb
457,Non-Consumable,Household,Electrical,Batteries,Red Wing,Red Wing AA-Size Batteries
458,Non-Consumable,Household,Electrical,Batteries,Red Wing,Red Wing D-Size Batteries
459,Non-Consumable,Household,Paper Products,Paper Wipes,Red Wing,Red Wing Paper Towels
460,Non-Consumable,Household,Paper Products,Paper Wipes,Red Wing,Red Wing Soft Napkins
461,Non-Consumable,Household,Paper Products,Paper Wipes,Red Wing,Red Wing Scented Tissue
462,Non-Consumable,Household,Paper Products,Paper Wipes,Red Wing,Red Wing Toilet Paper
463,Non-Consumable,Household,Paper Products,Paper Wipes,Red Wing,Red Wing Tissues
464,Non-Consumable,Household,Paper Products,Paper Wipes,Red Wing,Red Wing Scented Toilet Tissue
465,Non-Consumable,Household,Cleaning Supplies,Deodorizers,Red Wing,Red Wing Room Freshener
466,Non-Consumable,Household,Kitchen Products,Pots and Pans,Red Wing,Red Wing Frying Pan
467,Non-Consumable,Household,Kitchen Products,Pot Cleaners,Red Wing,Red Wing Copper Cleaner
468,Non-Consumable,Household,Candles,Candles,Red Wing,Red Wing Bees Wax Candles
469,Non-Consumable,Household,Kitchen Products,Pot Cleaners,Red Wing,Red Wing Silver Cleaner
470,Non-Consumable,Household,Kitchen Products,Pot Scrubbers,Red Wing,Red Wing Copper Pot Scrubber
471,Non-Consumable,Household,Bathroom Products,Toilet Brushes,Red Wing,Red Wing Economy Toilet Brush
472,Non-Consumable,Household,Hardware,Tools,Red Wing,Red Wing Scissors
473,Non-Consumable,Household,Kitchen Products,Sponges,Red Wing,Red Wing Large Sponge
474,Non-Consumable,Household,Hardware,Tools,Red Wing,Red Wing Screw Driver
475,Food,Meat,Meat,Hamburger,Quick,Quick Extra Lean Hamburger
476,Food,Meat,Meat,Hamburger,Quick,Quick Seasoned Hamburger
477,Non-Consumable,Periodicals,Magazines,Sports Magazines,Dollar,Dollar Monthly Sports Magazine
478,Non-Consumable,Periodicals,Magazines,Auto Magazines,Dollar,Dollar Monthly Auto Magazine
479,Non-Consumable,Periodicals,Magazines,Computer Magazines,Dollar,Dollar Monthly Computer Magazine
480,Non-Consumable,Periodicals,Magazines,Home Magazines,Dollar,Dollar Monthly Home Magazine
481,Non-Consumable,Periodicals,Magazines,Fashion Magazines,Dollar,Dollar Monthly Fashion Magazine
482,Food,Produce,Vegetables,Fresh Vegetables,Tell Tale,Tell Tale Summer Squash
483,Food,Produce,Vegetables,Fresh Vegetables,Tell Tale,Tell Tale Corn on the Cob
484,Food,Produce,Vegetables,Fresh Vegetables,Tell Tale,Tell Tale Asparagus
485,Food,Produce,Vegetables,Fresh Vegetables,Tell Tale,Tell Tale Sweet Peas
486,Food,Produce,Vegetables,Fresh Vegetables,Tell Tale,Tell Tale New Potatos
487,Food,Produce,Vegetables,Fresh Vegetables,Tell Tale,Tell Tale Beets
488,Food,Produce,Vegetables,Fresh Vegetables,Tell Tale,Tell Tale Prepared Salad
489,Food,Produce,Vegetables,Fresh Vegetables,Tell Tale,Tell Tale Onions
490,Food,Produce,Vegetables,Fresh Vegetables,Tell Tale,Tell Tale Green Pepper
491,Food,Produce,Vegetables,Fresh Vegetables,Tell Tale,Tell Tale Shitake Mushrooms
492,Food,Produce,Vegetables,Fresh Vegetables,Tell Tale,Tell Tale Lettuce
493,Food,Produce,Vegetables,Fresh Vegetables,Tell Tale,Tell Tale Elephant Garlic
494,Food,Produce,Vegetables,Fresh Vegetables,Tell Tale,Tell Tale Red Pepper
495,Food,Produce,Vegetables,Fresh Vegetables,Tell Tale,Tell Tale Garlic
496,Food,Produce,Vegetables,Fresh Vegetables,Tell Tale,Tell Tale Potatos
497,Food,Produce,Vegetables,Fresh Vegetables,Tell Tale,Tell Tale Cauliflower
498,Food,Produce,Vegetables,Fresh Vegetables,Tell Tale,Tell Tale Tomatos
499,Food,Produce,Vegetables,Fresh Vegetables,Tell Tale,Tell Tale Mushrooms
500,Food,Produce,Vegetables,Fresh Vegetables,Tell Tale,Tell Tale Baby Onion
501,Food,Produce,Vegetables,Fresh Vegetables,Tell Tale,Tell Tale Dried Mushrooms
502,Food,Produce,Vegetables,Fresh Vegetables,Tell Tale,Tell Tale Fresh Lima Beans
503,Food,Produce,Vegetables,Fresh Vegetables,Tell Tale,Tell Tale Squash
504,Food,Produce,Fruit,Fresh Fruit,Tell Tale,Tell Tale Limes
505,Food,Produce,Packaged Vegetables,Tofu,Tell Tale,Tell Tale Firm Tofu
506,Food,Produce,Specialty,Nuts,Tell Tale,Tell Tale Almonds
507,Food,Produce,Fruit,Fresh Fruit,Tell Tale,Tell Tale Macintosh Apples
508,Food,Produce,Fruit,Fresh Fruit,Tell Tale,Tell Tale Golden Delcious Apples
509,Food,Produce,Fruit,Fresh Fruit,Tell Tale,Tell Tale Red Delcious Apples
510,Food,Produce,Fruit,Fresh Fruit,Tell Tale,Tell Tale Lemons
511,Food,Produce,Fruit,Fresh Fruit,Tell Tale,Tell Tale Fancy Plums
512,Food,Produce,Fruit,Fresh Fruit,Tell Tale,Tell Tale Plums
513,Food,Produce,Fruit,Fresh Fruit,Tell Tale,Tell Tale Peaches
514,Food,Produce,Vegetables,Fresh Vegetables,Tell Tale,Tell Tale Broccoli
515,Food,Produce,Fruit,Fresh Fruit,Tell Tale,Tell Tale Mandarin Oranges
516,Food,Produce,Specialty,Nuts,Tell Tale,Tell Tale Mixed Nuts
517,Food,Produce,Specialty,Nuts,Tell Tale,Tell Tale Canned Peanuts
518,Food,Produce,Vegetables,Fresh Vegetables,Tell Tale,Tell Tale Sweet Onion
519,Food,Produce,Fruit,Fresh Fruit,Tell Tale,Tell Tale Cantelope
520,Food,Produce,Fruit,Fresh Fruit,Tell Tale,Tell Tale Honey Dew
521,Food,Produce,Fruit,Fresh Fruit,Tell Tale,Tell Tale Fuji Apples
522,Food,Produce,Specialty,Nuts,Tell Tale,Tell Tale Walnuts
523,Food,Produce,Fruit,Fresh Fruit,Tell Tale,Tell Tale Oranges
524,Food,Produce,Fruit,Fresh Fruit,Tell Tale,Tell Tale Tangerines
525,Food,Produce,Specialty,Nuts,Tell Tale,Tell Tale Party Nuts
526,Food,Seafood,Seafood,Fresh Fish,Kiwi,Kiwi Lox
527,Food,Seafood,Seafood,Shellfish,Kiwi,Kiwi Scallops
528,Food,Snack Foods,Snack Foods,Cookies,Fast,Fast Low Fat Cookies
529,Food,Snack Foods,Snack Foods,Chips,Fast,Fast BBQ Potato Chips
530,Food,Snack Foods,Snack Foods,Chips,Fast,Fast Corn Chips
531,Food,Snack Foods,Snack Foods,Chips,Fast,Fast Low Fat BBQ Chips
532,Food,Snack Foods,Snack Foods,Cookies,Fast,Fast Sugar Cookies
533,Food,Snack Foods,Snack Foods,Cookies,Fast,Fast Chocolate Chip Cookies
534,Food,Snack Foods,Snack Foods,Cookies,Fast,Fast Fudge Cookies
535,Food,Snack Foods,Snack Foods,Cookies,Fast,Fast Fudge Brownies
536,Food,Snack Foods,Snack Foods,Chips,Fast,Fast Potato Chips
537,Food,Snack Foods,Snack Foods,Cookies,Fast,Fast Lemon Cookies
538,Food,Snack Foods,Snack Foods,Cookies,Fast,Fast Graham Crackers
539,Food,Snack Foods,Snack Foods,Crackers,Fast,Fast Cheese Crackers
540,Food,Snack Foods,Snack Foods,Popcorn,Fast,Fast Buttered Popcorn
541,Food,Snack Foods,Snack Foods,Popcorn,Fast,Fast No Salt Popcorn
542,Food,Snack Foods,Snack Foods,Popcorn,Fast,Fast Low Fat Popcorn
543,Food,Snack Foods,Snack Foods,Dips,Fast,Fast Salsa Dip
544,Food,Snack Foods,Snack Foods,Dips,Fast,Fast Avocado Dip
545,Food,Snack Foods,Snack Foods,Pretzels,Fast,Fast Salted Pretzels
546,Food,Snack Foods,Snack Foods,Dips,Fast,Fast Cheese Dip
547,Food,Snack Foods,Snack Foods,Dips,Fast,Fast Fondue Mix
548,Food,Snack Foods,Snack Foods,Donuts,Fast,Fast Mini Donuts
549,Food,Snack Foods,Snack Foods,Dried Meat,Fast,Fast Beef Jerky
550,Food,Snack Foods,Snack Foods,Donuts,Fast,Fast Chocolate Donuts
551,Food,Snack Foods,Snack Foods,Chips,Fast,Fast Low Fat Chips
552,Food,Snack Foods,Snack Foods,Crackers,Fast,Fast Sesame Crackers
553,Food,Snack Foods,Snack Foods,Cookies,Fast,Fast Frosted Cookies
554,Food,Snack Foods,Snack Foods,Dried Fruit,Fast,Fast Dried Apples
555,Food,Snack Foods,Snack Foods,Dried Fruit,Fast,Fast Apple Fruit Roll
556,Food,Snack Foods,Snack Foods,Dried Fruit,Fast,Fast Strawberry Fruit Roll
557,Food,Snack Foods,Snack Foods,Dried Fruit,Fast,Fast Raspberry Fruit Roll
558,Food,Snack Foods,Snack Foods,Dried Fruit,Fast,Fast Grape Fruit Roll
559,Food,Snack Foods,Snack Foods,Dried Fruit,Fast,Fast Dried Dates
560,Food,Snack Foods,Snack Foods,Dried Fruit,Fast,Fast Raisins
561,Food,Snack Foods,Snack Foods,Dried Fruit,Fast,Fast Golden Raisins
562,Food,Snack Foods,Snack Foods,Dried Fruit,Fast,Fast Dried Apricots
563,Food,Snack Foods,Snack Foods,Donuts,Fast,Fast Frosted Donuts
564,Food,Snacks,Candy,Chocolate Candy,Atomic,Atomic Tasty Candy Bar
565,Food,Snacks,Candy,Chocolate Candy,Atomic,Atomic Mint Chocolate Bar
566,Food,Snacks,Candy,Chocolate Candy,Atomic,Atomic Malted Milk Balls
567,Food,Snacks,Candy,Chocolate Candy,Atomic,Atomic Semi-Sweet Chocolate Bar
568,Food,Snacks,Candy,Gum,Atomic,Atomic Bubble Gum
569,Food,Snacks,Candy,Hard Candy,Atomic,Atomic Spicy Mints
570,Food,Snacks,Candy,Hard Candy,Atomic,Atomic Mints
571,Food,Snacks,Candy,Chocolate Candy,Atomic,Atomic White Chocolate Bar
572,Food,Starchy Foods,Starchy Foods,Pasta,Shady Lake,Shady Lake Ravioli
573,Food,Starchy Foods,Starchy Foods,Pasta,Shady Lake,Shady Lake Manicotti
574,Food,Starchy Foods,Starchy Foods,Pasta,Shady Lake,Shady Lake Spaghetti
575,Food,Starchy Foods,Starchy Foods,Rice,Shady Lake,Shady Lake Thai Rice
576,Food,Starchy Foods,Starchy Foods,Rice,Shady Lake,Shady Lake Rice Medly
577,Drink,Alcoholic Beverages,Beer and Wine,Beer,Walrus,Walrus Imported Beer
578,Drink,Alcoholic Beverages,Beer and Wine,Wine,Walrus,Walrus Light Wine
579,Drink,Alcoholic Beverages,Beer and Wine,Wine,Walrus,Walrus Chardonnay Wine
580,Drink,Alcoholic Beverages,Beer and Wine,Wine,Walrus,Walrus Chablis Wine
581,Drink,Alcoholic Beverages,Beer and Wine,Wine,Walrus,Walrus Merlot Wine
582,Drink,Alcoholic Beverages,Beer and Wine,Wine,Walrus,Walrus Chardonnay
583,Drink,Alcoholic Beverages,Beer and Wine,Wine,Walrus,Walrus White Zinfandel Wine
584,Drink,Alcoholic Beverages,Beer and Wine,Beer,Walrus,Walrus Light Beer
585,Food,Baked Goods,Bread,Sliced Bread,Colony,Colony Pumpernickel Bread
586,Food,Baked Goods,Bread,Sliced Bread,Colony,Colony White Bread
587,Food,Baked Goods,Bread,Sliced Bread,Colony,Colony Rye Bread
588,Food,Baked Goods,Bread,Muffins,Colony,Colony English Muffins
589,Food,Baked Goods,Bread,Muffins,Colony,Colony Cranberry Muffins
590,Food,Baked Goods,Bread,Muffins,Colony,Colony Muffins
591,Food,Baked Goods,Bread,Bagels,Colony,Colony Bagels
592,Food,Baked Goods,Bread,Muffins,Colony,Colony Blueberry Muffins
593,Food,Baked Goods,Bread,Sliced Bread,Colony,Colony Wheat Bread
594,Food,Baking Goods,Baking Goods,Cooking Oil,Landslide,Landslide Sesame Oil
595,Food,Baking Goods,Jams and Jellies,Peanut Butter,Landslide,Landslide Chunky Peanut Butter
596,Drink,Beverages,Hot Beverages,Chocolate,Landslide,Landslide Hot Chocolate
597,Food,Baking Goods,Baking Goods,Sugar,Landslide,Landslide Brown Sugar
598,Food,Baking Goods,Baking Goods,Sugar,Landslide,Landslide White Sugar
599,Drink,Beverages,Hot Beverages,Coffee,Landslide,Landslide French Roast Coffee
600,Drink,Beverages,Hot Beverages,Coffee,Landslide,Landslide Decaf Coffee
601,Drink,Beverages,Hot Beverages,Coffee,Landslide,Landslide Regular Coffee
602,Food,Baking Goods,Baking Goods,Cooking Oil,Landslide,Landslide Vegetable Oil
603,Food,Baking Goods,Baking Goods,Cooking Oil,Landslide,Landslide Corn Oil
604,Food,Baking Goods,Baking Goods,Sauces,Landslide,Landslide Tomato Sauce
605,Food,Baking Goods,Baking Goods,Cooking Oil,Landslide,Landslide Canola Oil
606,Food,Baking Goods,Jams and Jellies,Preserves,Landslide,Landslide Grape Preserves
607,Drink,Beverages,Hot Beverages,Coffee,Landslide,Landslide Columbian Coffee
608,Food,Baking Goods,Jams and Jellies,Jelly,Landslide,Landslide Strawberry Jelly
609,Food,Baking Goods,Baking Goods,Spices,Landslide,Landslide Pepper
610,Food,Baking Goods,Jams and Jellies,Preserves,Landslide,Landslide Low Fat Apple Butter
611,Food,Baking Goods,Baking Goods,Spices,Landslide,Landslide Salt
612,Food,Baking Goods,Jams and Jellies,Preserves,Landslide,Landslide Apple Butter
613,Food,Baking Goods,Baking Goods,Spices,Landslide,Landslide Oregano
614,Food,Baking Goods,Jams and Jellies,Jelly,Landslide,Landslide Apple Jelly
615,Food,Baking Goods,Jams and Jellies,Jam,Landslide,Landslide Grape Jam
616,Food,Baking Goods,Jams and Jellies,Jam,Landslide,Landslide Apple Jam
617,Food,Baking Goods,Jams and Jellies,Jam,Landslide,Landslide Strawberry Jam
618,Food,Baking Goods,Jams and Jellies,Peanut Butter,Landslide,Landslide Creamy Peanut Butter
619,Food,Baking Goods,Jams and Jellies,Preserves,Landslide,Landslide Strawberry Preserves
620,Food,Baking Goods,Jams and Jellies,Peanut Butter,Landslide,Landslide Extra Chunky Peanut Butter
621,Food,Baking Goods,Jams and Jellies,Preserves,Landslide,Landslide Apple Preserves
622,Food,Baking Goods,Jams and Jellies,Jelly,Landslide,Landslide Grape Jelly
623,Drink,Beverages,Pure Juice Beverages,Juice,Token,Token Berry Juice
624,Drink,Beverages,Drinks,Flavored Drinks,Token,Token Mango Drink
625,Drink,Beverages,Drinks,Flavored Drinks,Token,Token Strawberry Drink
626,Drink,Beverages,Carbonated Beverages,Soda,Token,Token Cream Soda
627,Drink,Beverages,Carbonated Beverages,Soda,Token,Token Diet Soda
628,Drink,Beverages,Carbonated Beverages,Soda,Token,Token Cola
629,Drink,Beverages,Carbonated Beverages,Soda,Token,Token Diet Cola
630,Drink,Beverages,Pure Juice Beverages,Juice,Token,Token Orange Juice
631,Drink,Beverages,Pure Juice Beverages,Juice,Token,Token Cranberry Juice
632,Drink,Beverages,Pure Juice Beverages,Juice,Token,Token Apple Juice
633,Drink,Beverages,Drinks,Flavored Drinks,Token,Token Apple Drink
634,Food,Breakfast Foods,Breakfast Foods,Cereal,Radius,Radius Oatmeal
635,Food,Breakfast Foods,Breakfast Foods,Cereal,Radius,Radius Corn Puffs
636,Food,Breakfast Foods,Breakfast Foods,Cereal,Radius,Radius Wheat Puffs
637,Food,Breakfast Foods,Breakfast Foods,Cereal,Radius,Radius Grits
638,Food,Canned Foods,Vegetables,Canned Vegetables,Bravo,Bravo Canned Beets
639,Food,Canned Foods,Vegetables,Canned Vegetables,Bravo,Bravo Creamed Corn
640,Food,Canned Foods,Vegetables,Canned Vegetables,Bravo,Bravo Canned String Beans
641,Food,Canned Foods,Canned Soup,Soup,Bravo,Bravo Chicken Soup
642,Food,Canned Foods,Vegetables,Canned Vegetables,Bravo,Bravo Canned Yams
643,Food,Canned Foods,Canned Soup,Soup,Bravo,Bravo Vegetable Soup
644,Food,Canned Foods,Vegetables,Canned Vegetables,Bravo,Bravo Canned Tomatos
645,Food,Canned Foods,Canned Soup,Soup,Bravo,Bravo Noodle Soup
646,Food,Canned Foods,Canned Soup,Soup,Bravo,Bravo Regular Ramen Soup
647,Food,Canned Foods,Canned Soup,Soup,Bravo,Bravo Chicken Noodle Soup
648,Food,Canned Foods,Canned Soup,Soup,Bravo,Bravo Turkey Noodle Soup
649,Food,Canned Foods,Canned Soup,Soup,Bravo,Bravo Beef Soup
650,Food,Canned Foods,Vegetables,Canned Vegetables,Bravo,Bravo Canned Peas
651,Food,Canned Foods,Canned Soup,Soup,Bravo,Bravo Chicken Ramen Soup
652,Food,Canned Foods,Canned Tuna,Tuna,Bravo,Bravo Canned Tuna in Water
653,Food,Canned Foods,Canned Tuna,Tuna,Bravo,Bravo Canned Tuna in Oil
654,Food,Canned Foods,Canned Shrimp,Shrimp,Bravo,Bravo Large Canned Shrimp
655,Food,Canned Foods,Canned Anchovies,Anchovies,Bravo,Bravo Fancy Canned Anchovies
656,Food,Canned Foods,Canned Clams,Clams,Bravo,Bravo Fancy Canned Clams
657,Food,Canned Foods,Canned Oysters,Oysters,Bravo,Bravo Fancy Canned Oysters
658,Food,Canned Foods,Canned Sardines,Sardines,Bravo,Bravo Fancy Canned Sardines
659,Food,Canned Foods,Canned Soup,Soup,Bravo,Bravo Rice Soup
660,Food,Canned Products,Fruit,Canned Fruit,Applause,Applause Canned Mixed Fruit
661,Food,Canned Products,Fruit,Canned Fruit,Applause,Applause Canned Peaches
662,Non-Consumable,Carousel,Specialty,Sunglasses,Prelude,Prelude Rosy Sunglasses
663,Non-Consumable,Checkout,Hardware,Screwdrivers,Akron,Akron Eyeglass Screwdriver
664,Non-Consumable,Checkout,Miscellaneous,Maps,Akron,Akron City Map
665,Food,Dairy,Dairy,Cottage Cheese,Gorilla,Gorilla Low Fat Cottage Cheese
666,Food,Dairy,Dairy,Sour Cream,Gorilla,Gorilla Low Fat Sour Cream
667,Food,Dairy,Dairy,Sour Cream,Gorilla,Gorilla Sour Cream
668,Food,Dairy,Dairy,Cheese,Gorilla,Gorilla Jack Cheese
669,Food,Dairy,Dairy,Cheese,Gorilla,Gorilla Muenster Cheese
670,Food,Dairy,Dairy,Cheese,Gorilla,Gorilla String Cheese
671,Food,Dairy,Dairy,Cheese,Gorilla,Gorilla Low Fat String Cheese
672,Food,Dairy,Dairy,Cheese,Gorilla,Gorilla Havarti Cheese
673,Food,Dairy,Dairy,Cheese,Gorilla,Gorilla Head Cheese
674,Food,Dairy,Dairy,Cheese,Gorilla,Gorilla Cheese Spread
675,Food,Dairy,Dairy,Cheese,Gorilla,Gorilla Sharp Cheddar Cheese
676,Food,Dairy,Dairy,Cheese,Gorilla,Gorilla Mild Cheddar Cheese
677,Food,Dairy,Dairy,Cottage Cheese,Gorilla,Gorilla Large Curd Cottage Cheese
678,Drink,Dairy,Dairy,Milk,Gorilla,Gorilla 2% Milk
679,Drink,Dairy,Dairy,Milk,Gorilla,Gorilla Buttermilk
680,Drink,Dairy,Dairy,Milk,Gorilla,Gorilla Chocolate Milk
681,Drink,Dairy,Dairy,Milk,Gorilla,Gorilla 1% Milk
682,Drink,Dairy,Dairy,Milk,Gorilla,Gorilla Whole Milk
683,Food,Dairy,Dairy,Yogurt,Gorilla,Gorilla Strawberry Yogurt
684,Food,Dairy,Dairy,Yogurt,Gorilla,Gorilla Blueberry Yogurt
685,Food,Deli,Meat,Hot Dogs,Cutting Edge,Cutting Edge Chicken Hot Dogs
686,Food,Deli,Meat,Bologna,Cutting Edge,Cutting Edge Pimento Loaf
687,Food,Deli,Meat,Bologna,Cutting Edge,Cutting Edge Beef Bologna
688,Food,Deli,Meat,Bologna,Cutting Edge,Cutting Edge Low Fat Bologna
689,Food,Deli,Meat,Hot Dogs,Cutting Edge,Cutting Edge Turkey Hot Dogs
690,Food,Deli,Meat,Hot Dogs,Cutting Edge,Cutting Edge Foot-Long Hot Dogs
691,Food,Deli,Side Dishes,Deli Salads,Cutting Edge,Cutting Edge Low Fat Cole Slaw
692,Food,Deli,Side Dishes,Deli Salads,Cutting Edge,Cutting Edge Cole Slaw
693,Food,Deli,Meat,Fresh Chicken,Cutting Edge,Cutting Edge Roasted Chicken
694,Food,Deli,Meat,Deli Meats,Cutting Edge,Cutting Edge Corned Beef
695,Food,Deli,Meat,Deli Meats,Cutting Edge,Cutting Edge Sliced Turkey
696,Food,Deli,Meat,Deli Meats,Cutting Edge,Cutting Edge Sliced Ham
697,Food,Deli,Side Dishes,Deli Salads,Cutting Edge,Cutting Edge Potato Salad
698,Food,Deli,Meat,Deli Meats,Cutting Edge,Cutting Edge Sliced Chicken
699,Food,Eggs,Eggs,Eggs,Jumbo,Jumbo Small Brown Eggs
700,Food,Eggs,Eggs,Eggs,Jumbo,Jumbo Large Brown Eggs
701,Food,Eggs,Eggs,Eggs,Jumbo,Jumbo Small Eggs
702,Food,Eggs,Eggs,Eggs,Jumbo,Jumbo Large Eggs
703,Food,Eggs,Eggs,Eggs,Jumbo,Jumbo Egg Substitute
704,Food,Frozen Foods,Breakfast Foods,Waffles,Imagine,Imagine Low Fat Waffles
705,Food,Frozen Foods,Frozen Desserts,Popsicles,Imagine,Imagine Orange Popsicles
706,Food,Frozen Foods,Meat,Frozen Chicken,Imagine,Imagine Frozen Chicken Breast
707,Food,Frozen Foods,Breakfast Foods,Pancakes,Imagine,Imagine Frozen Pancakes
708,Food,Frozen Foods,Vegetables,French Fries,Imagine,Imagine Low Fat French Fries
709,Food,Frozen Foods,Pizza,Pizza,Imagine,Imagine Frozen Sausage Pizza
710,Food,Frozen Foods,Breakfast Foods,Waffles,Imagine,Imagine Blueberry Waffles
711,Food,Frozen Foods,Vegetables,French Fries,Imagine,Imagine Fajita French Fries
712,Food,Frozen Foods,Breakfast Foods,Waffles,Imagine,Imagine Waffles
713,Food,Frozen Foods,Pizza,Pizza,Imagine,Imagine Frozen Pepperoni Pizza
714,Food,Frozen Foods,Pizza,Pizza,Imagine,Imagine Frozen Cheese Pizza
715,Food,Frozen Foods,Pizza,Pizza,Imagine,Imagine Frozen Mushroom Pizza
716,Food,Frozen Foods,Breakfast Foods,Waffles,Imagine,Imagine Apple Cinnamon Waffles
717,Food,Frozen Foods,Vegetables,Frozen Vegetables,Imagine,Imagine Frozen Carrots
718,Food,Frozen Foods,Frozen Entrees,TV Dinner,Imagine,Imagine Turkey TV Dinner
719,Food,Frozen Foods,Frozen Entrees,TV Dinner,Imagine,Imagine Chicken TV Dinner
720,Food,Frozen Foods,Frozen Entrees,TV Dinner,Imagine,Imagine Beef TV Dinner
721,Food,Frozen Foods,Breakfast Foods,Pancake Mix,Imagine,Imagine Pancake Mix
722,Food,Frozen Foods,Frozen Desserts,Popsicles,Imagine,Imagine Grape Popsicles
723,Food,Frozen Foods,Vegetables,French Fries,Imagine,Imagine Home Style French Fries
724,Food,Frozen Foods,Frozen Desserts,Popsicles,Imagine,Imagine Lime Popsicles
725,Food,Frozen Foods,Frozen Desserts,Ice Cream,Imagine,Imagine Ice Cream
726,Food,Frozen Foods,Frozen Desserts,Ice Cream,Imagine,Imagine Ice Cream Sandwich
727,Food,Frozen Foods,Vegetables,Frozen Vegetables,Imagine,Imagine Frozen Cauliflower
728,Food,Frozen Foods,Vegetables,Frozen Vegetables,Imagine,Imagine Frozen Broccoli
729,Food,Frozen Foods,Vegetables,Frozen Vegetables,Imagine,Imagine Frozen Corn
730,Food,Frozen Foods,Vegetables,Frozen Vegetables,Imagine,Imagine Frozen Peas
731,Food,Frozen Foods,Frozen Desserts,Ice Cream,Imagine,Imagine Popsicles
732,Food,Frozen Foods,Meat,Frozen Chicken,Imagine,Imagine Frozen Chicken Thighs
733,Food,Frozen Foods,Meat,Frozen Chicken,Imagine,Imagine Frozen Chicken Wings
734,Food,Frozen Foods,Frozen Desserts,Popsicles,Imagine,Imagine Lemon Popsicles
735,Non-Consumable,Health and Hygiene,Bathroom Products,Conditioner,Consolidated,Consolidated Silky Smooth Hair Conditioner
736,Non-Consumable,Health and Hygiene,Hygiene,Personal Hygiene,Consolidated,Consolidated Tartar Control Toothpaste
737,Non-Consumable,Health and Hygiene,Hygiene,Personal Hygiene,Consolidated,Consolidated Whitening Toothpast
738,Non-Consumable,Health and Hygiene,Hygiene,Personal Hygiene,Consolidated,Consolidated Toothpaste
739,Non-Consumable,Health and Hygiene,Hygiene,Personal Hygiene,Consolidated,Consolidated Deodorant
740,Non-Consumable,Health and Hygiene,Bathroom Products,Shampoo,Consolidated,Consolidated Conditioning Shampoo
741,Non-Consumable,Health and Hygiene,Bathroom Products,Shampoo,Consolidated,Consolidated Extra Moisture Shampoo
742,Non-Consumable,Health and Hygiene,Bathroom Products,Toothbrushes,Consolidated,Consolidated Angled Toothbrush
743,Non-Consumable,Health and Hygiene,Bathroom Products,Shampoo,Consolidated,Consolidated Apricot Shampoo
744,Non-Consumable,Health and Hygiene,Pain Relievers,Aspirin,Consolidated,Consolidated Childrens Aspirin
745,Non-Consumable,Health and Hygiene,Pain Relievers,Aspirin,Consolidated,Consolidated Buffered Aspirin
746,Non-Consumable,Health and Hygiene,Pain Relievers,Ibuprofen,Consolidated,Consolidated 200 MG Ibuprofen
747,Non-Consumable,Health and Hygiene,Pain Relievers,Acetominifen,Consolidated,Consolidated 200 MG Acetominifen
748,Non-Consumable,Health and Hygiene,Decongestants,Nasal Sprays,Consolidated,Consolidated HCL Nasal Spray
749,Non-Consumable,Health and Hygiene,Decongestants,Nasal Sprays,Consolidated,Consolidated Dishwasher Detergent
750,Non-Consumable,Health and Hygiene,Cold Remedies,Cold Remedies,Consolidated,Consolidated Multi-Symptom Cold Remedy
751,Non-Consumable,Health and Hygiene,Cold Remedies,Cold Remedies,Consolidated,Consolidated Childrens Cold Remedy
752,Non-Consumable,Health and Hygiene,Bathroom Products,Mouthwash,Consolidated,Consolidated Laundry Detergent
753,Non-Consumable,Health and Hygiene,Bathroom Products,Mouthwash,Consolidated,Consolidated Mint Mouthwash
754,Non-Consumable,Household,Electrical,Lightbulbs,Cormorant,Cormorant 60 Watt Lightbulb
755,Non-Consumable,Household,Plastic Products,Plastic Utensils,Cormorant,Cormorant Plastic Forks
756,Non-Consumable,Household,Plastic Products,Plastic Utensils,Cormorant,Cormorant Plastic Spoons
757,Non-Consumable,Household,Plastic Products,Plastic Utensils,Cormorant,Cormorant Plastic Knives
758,Non-Consumable,Household,Electrical,Batteries,Cormorant,Cormorant C-Size Batteries
759,Non-Consumable,Household,Electrical,Lightbulbs,Cormorant,Cormorant 100 Watt Lightbulb
760,Non-Consumable,Household,Electrical,Batteries,Cormorant,Cormorant AAA-Size Batteries
761,Non-Consumable,Household,Paper Products,Paper Dishes,Cormorant,Cormorant Paper Plates
762,Non-Consumable,Household,Paper Products,Paper Dishes,Cormorant,Cormorant Paper Cups
763,Non-Consumable,Household,Electrical,Lightbulbs,Cormorant,Cormorant 75 Watt Lightbulb
764,Non-Consumable,Household,Cleaning Supplies,Cleaners,Cormorant,Cormorant Toilet Bowl Cleaner
765,Non-Consumable,Household,Cleaning Supplies,Cleaners,Cormorant,Cormorant Counter Cleaner
766,Non-Consumable,Household,Cleaning Supplies,Cleaners,Cormorant,Cormorant Glass Cleaner
767,Non-Consumable,Household,Electrical,Lightbulbs,Cormorant,Cormorant 25 Watt Lightbulb
768,Non-Consumable,Household,Electrical,Batteries,Cormorant,Cormorant AA-Size Batteries
769,Non-Consumable,Household,Electrical,Batteries,Cormorant,Cormorant D-Size Batteries
770,Non-Consumable,Household,Paper Products,Paper Wipes,Cormorant,Cormorant Paper Towels
771,Non-Consumable,Household,Paper Products,Paper Wipes,Cormorant,Cormorant Soft Napkins
772,Non-Consumable,Household,Paper Products,Paper Wipes,Cormorant,Cormorant Scented Tissue
773,Non-Consumable,Household,Paper Products,Paper Wipes,Cormorant,Cormorant Toilet Paper
774,Non-Consumable,Household,Paper Products,Paper Wipes,Cormorant,Cormorant Tissues
775,Non-Consumable,Household,Paper Products,Paper Wipes,Cormorant,Cormorant Scented Toilet Tissue
776,Non-Consumable,Household,Cleaning Supplies,Deodorizers,Cormorant,Cormorant Room Freshener
777,Non-Consumable,Household,Kitchen Products,Pots and Pans,Cormorant,Cormorant Frying Pan
778,Non-Consumable,Household,Kitchen Products,Pot Cleaners,Cormorant,Cormorant Copper Cleaner
779,Non-Consumable,Household,Candles,Candles,Cormorant,Cormorant Bees Wax Candles
780,Non-Consumable,Household,Kitchen Products,Pot Cleaners,Cormorant,Cormorant Silver Cleaner
781,Non-Consumable,Household,Kitchen Products,Pot Scrubbers,Cormorant,Cormorant Copper Pot Scrubber
782,Non-Consumable,Household,Bathroom Products,Toilet Brushes,Cormorant,Cormorant Economy Toilet Brush
783,Non-Consumable,Household,Hardware,Tools,Cormorant,Cormorant Scissors
784,Non-Consumable,Household,Kitchen Products,Sponges,Cormorant,Cormorant Large Sponge
785,Non-Consumable,Household,Hardware,Tools,Cormorant,Cormorant Screw Driver
786,Food,Meat,Meat,Hamburger,Footnote,Footnote Extra Lean Hamburger
787,Food,Meat,Meat,Hamburger,Footnote,Footnote Seasoned Hamburger
788,Non-Consumable,Periodicals,Magazines,Sports Magazines,Excel,Excel Monthly Sports Magazine
789,Non-Consumable,Periodicals,Magazines,Auto Magazines,Excel,Excel Monthly Auto Magazine
790,Non-Consumable,Periodicals,Magazines,Computer Magazines,Excel,Excel Monthly Computer Magazine
791,Non-Consumable,Periodicals,Magazines,Home Magazines,Excel,Excel Monthly Home Magazine
792,Non-Consumable,Periodicals,Magazines,Fashion Magazines,Excel,Excel Monthly Fashion Magazine
793,Food,Produce,Vegetables,Fresh Vegetables,Ebony,Ebony Summer Squash
794,Food,Produce,Vegetables,Fresh Vegetables,Ebony,Ebony Corn on the Cob
795,Food,Produce,Vegetables,Fresh Vegetables,Ebony,Ebony Asparagus
796,Food,Produce,Vegetables,Fresh Vegetables,Ebony,Ebony Sweet Peas
797,Food,Produce,Vegetables,Fresh Vegetables,Ebony,Ebony New Potatos
798,Food,Produce,Vegetables,Fresh Vegetables,Ebony,Ebony Beets
799,Food,Produce,Vegetables,Fresh Vegetables,Ebony,Ebony Prepared Salad
800,Food,Produce,Vegetables,Fresh Vegetables,Ebony,Ebony Onions
801,Food,Produce,Vegetables,Fresh Vegetables,Ebony,Ebony Green Pepper
802,Food,Produce,Vegetables,Fresh Vegetables,Ebony,Ebony Shitake Mushrooms
803,Food,Produce,Vegetables,Fresh Vegetables,Ebony,Ebony Lettuce
804,Food,Produce,Vegetables,Fresh Vegetables,Ebony,Ebony Elephant Garlic
805,Food,Produce,Vegetables,Fresh Vegetables,Ebony,Ebony Red Pepper
806,Food,Produce,Vegetables,Fresh Vegetables,Ebony,Ebony Garlic
807,Food,Produce,Vegetables,Fresh Vegetables,Ebony,Ebony Potatos
808,Food,Produce,Vegetables,Fresh Vegetables,Ebony,Ebony Cauliflower
809,Food,Produce,Vegetables,Fresh Vegetables,Ebony,Ebony Tomatos
810,Food,Produce,Vegetables,Fresh Vegetables,Ebony,Ebony Mushrooms
811,Food,Produce,Vegetables,Fresh Vegetables,Ebony,Ebony Baby Onion
812,Food,Produce,Vegetables,Fresh Vegetables,Ebony,Ebony Dried Mushrooms
813,Food,Produce,Vegetables,Fresh Vegetables,Ebony,Ebony Fresh Lima Beans
814,Food,Produce,Vegetables,Fresh Vegetables,Ebony,Ebony Squash
815,Food,Produce,Fruit,Fresh Fruit,Ebony,Ebony Limes
816,Food,Produce,Packaged Vegetables,Tofu,Ebony,Ebony Firm Tofu
817,Food,Produce,Specialty,Nuts,Ebony,Ebony Almonds
818,Food,Produce,Fruit,Fresh Fruit,Ebony,Ebony Macintosh Apples
819,Food,Produce,Fruit,Fresh Fruit,Ebony,Ebony Golden Delcious Apples
820,Food,Produce,Fruit,Fresh Fruit,Ebony,Ebony Red Delcious Apples
821,Food,Produce,Fruit,Fresh Fruit,Ebony,Ebony Lemons
822,Food,Produce,Fruit,Fresh Fruit,Ebony,Ebony Fancy Plums
823,Food,Produce,Fruit,Fresh Fruit,Ebony,Ebony Plums
824,Food,Produce,Fruit,Fresh Fruit,Ebony,Ebony Peaches
825,Food,Produce,Vegetables,Fresh Vegetables,Ebony,Ebony Broccoli
826,Food,Produce,Fruit,Fresh Fruit,Ebony,Ebony Mandarin Oranges
827,Food,Produce,Specialty,Nuts,Ebony,Ebony Mixed Nuts
828,Food,Produce,Specialty,Nuts,Ebony,Ebony Canned Peanuts
829,Food,Produce,Vegetables,Fresh Vegetables,Ebony,Ebony Sweet Onion
830,Food,Produce,Fruit,Fresh Fruit,Ebony,Ebony Cantelope
831,Food,Produce,Fruit,Fresh Fruit,Ebony,Ebony Honey Dew
832,Food,Produce,Fruit,Fresh Fruit,Ebony,Ebony Fuji Apples
833,Food,Produce,Specialty,Nuts,Ebony,Ebony Walnuts
834,Food,Produce,Fruit,Fresh Fruit,Ebony,Ebony Oranges
835,Food,Produce,Fruit,Fresh Fruit,Ebony,Ebony Tangerines
836,Food,Produce,Specialty,Nuts,Ebony,Ebony Party Nuts
837,Food,Seafood,Seafood,Fresh Fish,Curlew,Curlew Lox
838,Food,Seafood,Seafood,Shellfish,Curlew,Curlew Scallops
839,Food,Snack Foods,Snack Foods,Cookies,Nationeel,Nationeel Low Fat Cookies
840,Food,Snack Foods,Snack Foods,Chips,Nationeel,Nationeel BBQ Potato Chips
841,Food,Snack Foods,Snack Foods,Chips,Nationeel,Nationeel Corn Chips
842,Food,Snack Foods,Snack Foods,Chips,Nationeel,Nationeel Low Fat BBQ Chips
843,Food,Snack Foods,Snack Foods,Cookies,Nationeel,Nationeel Sugar Cookies
844,Food,Snack Foods,Snack Foods,Cookies,Nationeel,Nationeel Chocolate Chip Cookies
845,Food,Snack Foods,Snack Foods,Cookies,Nationeel,Nationeel Fudge Cookies
846,Food,Snack Foods,Snack Foods,Cookies,Nationeel,Nationeel Fudge Brownies
847,Food,Snack Foods,Snack Foods,Chips,Nationeel,Nationeel Potato Chips
848,Food,Snack Foods,Snack Foods,Cookies,Nationeel,Nationeel Lemon Cookies
849,Food,Snack Foods,Snack Foods,Cookies,Nationeel,Nationeel Graham Crackers
850,Food,Snack Foods,Snack Foods,Crackers,Nationeel,Nationeel Cheese Crackers
851,Food,Snack Foods,Snack Foods,Popcorn,Nationeel,Nationeel Buttered Popcorn
852,Food,Snack Foods,Snack Foods,Popcorn,Nationeel,Nationeel No Salt Popcorn
853,Food,Snack Foods,Snack Foods,Popcorn,Nationeel,Nationeel Low Fat Popcorn
854,Food,Snack Foods,Snack Foods,Dips,Nationeel,Nationeel Salsa Dip
855,Food,Snack Foods,Snack Foods,Dips,Nationeel,Nationeel Avocado Dip
856,Food,Snack Foods,Snack Foods,Pretzels,Nationeel,Nationeel Salted Pretzels
857,Food,Snack Foods,Snack Foods,Dips,Nationeel,Nationeel Cheese Dip
858,Food,Snack Foods,Snack Foods,Dips,Nationeel,Nationeel Fondue Mix
859,Food,Snack Foods,Snack Foods,Donuts,Nationeel,Nationeel Mini Donuts
860,Food,Snack Foods,Snack Foods,Dried Meat,Nationeel,Nationeel Beef Jerky
861,Food,Snack Foods,Snack Foods,Donuts,Nationeel,Nationeel Chocolate Donuts
862,Food,Snack Foods,Snack Foods,Chips,Nationeel,Nationeel Low Fat Chips
863,Food,Snack Foods,Snack Foods,Crackers,Nationeel,Nationeel Sesame Crackers
864,Food,Snack Foods,Snack Foods,Cookies,Nationeel,Nationeel Frosted Cookies
865,Food,Snack Foods,Snack Foods,Dried Fruit,Nationeel,Nationeel Dried Apples
866,Food,Snack Foods,Snack Foods,Dried Fruit,Nationeel,Nationeel Apple Fruit Roll
867,Food,Snack Foods,Snack Foods,Dried Fruit,Nationeel,Nationeel Strawberry Fruit Roll
868,Food,Snack Foods,Snack Foods,Dried Fruit,Nationeel,Nationeel Raspberry Fruit Roll
869,Food,Snack Foods,Snack Foods,Dried Fruit,Nationeel,Nationeel Grape Fruit Roll
870,Food,Snack Foods,Snack Foods,Dried Fruit,Nationeel,Nationeel Dried Dates
871,Food,Snack Foods,Snack Foods,Dried Fruit,Nationeel,Nationeel Raisins
872,Food,Snack Foods,Snack Foods,Dried Fruit,Nationeel,Nationeel Golden Raisins
873,Food,Snack Foods,Snack Foods,Dried Fruit,Nationeel,Nationeel Dried Apricots
874,Food,Snack Foods,Snack Foods,Donuts,Nationeel,Nationeel Frosted Donuts
875,Food,Snacks,Candy,Chocolate Candy,Thresher,Thresher Tasty Candy Bar
876,Food,Snacks,Candy,Chocolate Candy,Thresher,Thresher Mint Chocolate Bar
877,Food,Snacks,Candy,Chocolate Candy,Thresher,Thresher Malted Milk Balls
878,Food,Snacks,Candy,Chocolate Candy,Thresher,Thresher Semi-Sweet Chocolate Bar
879,Food,Snacks,Candy,Gum,Thresher,Thresher Bubble Gum
880,Food,Snacks,Candy,Hard Candy,Thresher,Thresher Spicy Mints
881,Food,Snacks,Candy,Hard Candy,Thresher,Thresher Mints
882,Food,Snacks,Candy,Chocolate Candy,Thresher,Thresher White Chocolate Bar
883,Food,Starchy Foods,Starchy Foods,Pasta,Monarch,Monarch Ravioli
884,Food,Starchy Foods,Starchy Foods,Pasta,Monarch,Monarch Manicotti
885,Food,Starchy Foods,Starchy Foods,Pasta,Monarch,Monarch Spaghetti
886,Food,Starchy Foods,Starchy Foods,Rice,Monarch,Monarch Thai Rice
887,Food,Starchy Foods,Starchy Foods,Rice,Monarch,Monarch Rice Medly
888,Food,Starchy Foods,Starchy Foods,Pasta,Discover,Discover Ravioli
889,Food,Starchy Foods,Starchy Foods,Pasta,Discover,Discover Manicotti
890,Food,Starchy Foods,Starchy Foods,Pasta,Discover,Discover Spaghetti
891,Food,Starchy Foods,Starchy Foods,Rice,Discover,Discover Thai Rice
892,Food,Starchy Foods,Starchy Foods,Rice,Discover,Discover Rice Medly
893,Drink,Alcoholic Beverages,Beer and Wine,Beer,Pearl,Pearl Imported Beer
894,Drink,Alcoholic Beverages,Beer and Wine,Wine,Pearl,Pearl Light Wine
895,Drink,Alcoholic Beverages,Beer and Wine,Wine,Pearl,Pearl Chardonnay Wine
896,Drink,Alcoholic Beverages,Beer and Wine,Wine,Pearl,Pearl Chablis Wine
897,Drink,Alcoholic Beverages,Beer and Wine,Wine,Pearl,Pearl Merlot Wine
898,Drink,Alcoholic Beverages,Beer and Wine,Wine,Pearl,Pearl Chardonnay
899,Drink,Alcoholic Beverages,Beer and Wine,Wine,Pearl,Pearl White Zinfandel Wine
900,Drink,Alcoholic Beverages,Beer and Wine,Beer,Pearl,Pearl Light Beer
901,Food,Baked Goods,Bread,Sliced Bread,Fantastic,Fantastic Pumpernickel Bread
902,Food,Baked Goods,Bread,Sliced Bread,Fantastic,Fantastic White Bread
903,Food,Baked Goods,Bread,Sliced Bread,Fantastic,Fantastic Rye Bread
904,Food,Baked Goods,Bread,Muffins,Fantastic,Fantastic English Muffins
905,Food,Baked Goods,Bread,Muffins,Fantastic,Fantastic Cranberry Muffins
906,Food,Baked Goods,Bread,Muffins,Fantastic,Fantastic Muffins
907,Food,Baked Goods,Bread,Bagels,Fantastic,Fantastic Bagels
908,Food,Baked Goods,Bread,Muffins,Fantastic,Fantastic Blueberry Muffins
909,Food,Baked Goods,Bread,Sliced Bread,Fantastic,Fantastic Wheat Bread
910,Food,Baking Goods,Baking Goods,Cooking Oil,BBB Best,BBB Best Sesame Oil
911,Food,Baking Goods,Jams and Jellies,Peanut Butter,BBB Best,BBB Best Chunky Peanut Butter
912,Drink,Beverages,Hot Beverages,Chocolate,BBB Best,BBB Best Hot Chocolate
913,Food,Baking Goods,Baking Goods,Sugar,BBB Best,BBB Best Brown Sugar
914,Food,Baking Goods,Baking Goods,Sugar,BBB Best,BBB Best White Sugar
915,Drink,Beverages,Hot Beverages,Coffee,BBB Best,BBB Best French Roast Coffee
916,Drink,Beverages,Hot Beverages,Coffee,BBB Best,BBB Best Decaf Coffee
917,Drink,Beverages,Hot Beverages,Coffee,BBB Best,BBB Best Regular Coffee
918,Food,Baking Goods,Baking Goods,Cooking Oil,BBB Best,BBB Best Vegetable Oil
919,Food,Baking Goods,Baking Goods,Cooking Oil,BBB Best,BBB Best Corn Oil
920,Food,Baking Goods,Baking Goods,Sauces,BBB Best,BBB Best Tomato Sauce
921,Food,Baking Goods,Baking Goods,Cooking Oil,BBB Best,BBB Best Canola Oil
922,Food,Baking Goods,Jams and Jellies,Preserves,BBB Best,BBB Best Grape Preserves
923,Drink,Beverages,Hot Beverages,Coffee,BBB Best,BBB Best Columbian Coffee
924,Food,Baking Goods,Jams and Jellies,Jelly,BBB Best,BBB Best Strawberry Jelly
925,Food,Baking Goods,Baking Goods,Spices,BBB Best,BBB Best Pepper
926,Food,Baking Goods,Jams and Jellies,Preserves,BBB Best,BBB Best Low Fat Apple Butter
927,Food,Baking Goods,Baking Goods,Spices,BBB Best,BBB Best Salt
928,Food,Baking Goods,Jams and Jellies,Preserves,BBB Best,BBB Best Apple Butter
929,Food,Baking Goods,Baking Goods,Spices,BBB Best,BBB Best Oregano
930,Food,Baking Goods,Jams and Jellies,Jelly,BBB Best,BBB Best Apple Jelly
931,Food,Baking Goods,Jams and Jellies,Jam,BBB Best,BBB Best Grape Jam
932,Food,Baking Goods,Jams and Jellies,Jam,BBB Best,BBB Best Apple Jam
933,Food,Baking Goods,Jams and Jellies,Jam,BBB Best,BBB Best Strawberry Jam
934,Food,Baking Goods,Jams and Jellies,Peanut Butter,BBB Best,BBB Best Creamy Peanut Butter
935,Food,Baking Goods,Jams and Jellies,Preserves,BBB Best,BBB Best Strawberry Preserves
936,Food,Baking Goods,Jams and Jellies,Peanut Butter,BBB Best,BBB Best Extra Chunky Peanut Butter
937,Food,Baking Goods,Jams and Jellies,Preserves,BBB Best,BBB Best Apple Preserves
938,Food,Baking Goods,Jams and Jellies,Jelly,BBB Best,BBB Best Grape Jelly
939,Drink,Beverages,Pure Juice Beverages,Juice,Fabulous,Fabulous Berry Juice
940,Drink,Beverages,Drinks,Flavored Drinks,Fabulous,Fabulous Mango Drink
941,Drink,Beverages,Drinks,Flavored Drinks,Fabulous,Fabulous Strawberry Drink
942,Drink,Beverages,Carbonated Beverages,Soda,Fabulous,Fabulous Cream Soda
943,Drink,Beverages,Carbonated Beverages,Soda,Fabulous,Fabulous Diet Soda
944,Drink,Beverages,Carbonated Beverages,Soda,Fabulous,Fabulous Cola
945,Drink,Beverages,Carbonated Beverages,Soda,Fabulous,Fabulous Diet Cola
946,Drink,Beverages,Pure Juice Beverages,Juice,Fabulous,Fabulous Orange Juice
947,Drink,Beverages,Pure Juice Beverages,Juice,Fabulous,Fabulous Cranberry Juice
948,Drink,Beverages,Pure Juice Beverages,Juice,Fabulous,Fabulous Apple Juice
949,Drink,Beverages,Drinks,Flavored Drinks,Fabulous,Fabulous Apple Drink
950,Food,Breakfast Foods,Breakfast Foods,Cereal,Special,Special Oatmeal
951,Food,Breakfast Foods,Breakfast Foods,Cereal,Special,Special Corn Puffs
952,Food,Breakfast Foods,Breakfast Foods,Cereal,Special,Special Wheat Puffs
953,Food,Breakfast Foods,Breakfast Foods,Cereal,Special,Special Grits
954,Food,Canned Foods,Vegetables,Canned Vegetables,Just Right,Just Right Canned Beets
955,Food,Canned Foods,Vegetables,Canned Vegetables,Just Right,Just Right Creamed Corn
956,Food,Canned Foods,Vegetables,Canned Vegetables,Just Right,Just Right Canned String Beans
957,Food,Canned Foods,Canned Soup,Soup,Just Right,Just Right Chicken Soup
958,Food,Canned Foods,Vegetables,Canned Vegetables,Just Right,Just Right Canned Yams
959,Food,Canned Foods,Canned Soup,Soup,Just Right,Just Right Vegetable Soup
960,Food,Canned Foods,Vegetables,Canned Vegetables,Just Right,Just Right Canned Tomatos
961,Food,Canned Foods,Canned Soup,Soup,Just Right,Just Right Noodle Soup
962,Food,Canned Foods,Canned Soup,Soup,Just Right,Just Right Regular Ramen Soup
963,Food,Canned Foods,Canned Soup,Soup,Just Right,Just Right Chicken Noodle Soup
964,Food,Canned Foods,Canned Soup,Soup,Just Right,Just Right Turkey Noodle Soup
965,Food,Canned Foods,Canned Soup,Soup,Just Right,Just Right Beef Soup
966,Food,Canned Foods,Vegetables,Canned Vegetables,Just Right,Just Right Canned Peas
967,Food,Canned Foods,Canned Soup,Soup,Just Right,Just Right Chicken Ramen Soup
968,Food,Canned Foods,Canned Tuna,Tuna,Just Right,Just Right Canned Tuna in Water
969,Food,Canned Foods,Canned Tuna,Tuna,Just Right,Just Right Canned Tuna in Oil
970,Food,Canned Foods,Canned Shrimp,Shrimp,Just Right,Just Right Large Canned Shrimp
971,Food,Canned Foods,Canned Anchovies,Anchovies,Just Right,Just Right Fancy Canned Anchovies
972,Food,Canned Foods,Canned Clams,Clams,Just Right,Just Right Fancy Canned Clams
973,Food,Canned Foods,Canned Oysters,Oysters,Just Right,Just Right Fancy Canned Oysters
974,Food,Canned Foods,Canned Sardines,Sardines,Just Right,Just Right Fancy Canned Sardines
975,Food,Canned Foods,Canned Soup,Soup,Just Right,Just Right Rice Soup
976,Food,Canned Products,Fruit,Canned Fruit,Big City,Big City Canned Mixed Fruit
977,Food,Canned Products,Fruit,Canned Fruit,Big City,Big City Canned Peaches
978,Non-Consumable,Carousel,Specialty,Sunglasses,Symphony,Symphony Rosy Sunglasses
979,Non-Consumable,Checkout,Hardware,Screwdrivers,James Bay,James Bay Eyeglass Screwdriver
980,Non-Consumable,Checkout,Miscellaneous,Maps,James Bay,James Bay City Map
981,Food,Dairy,Dairy,Cottage Cheese,Even Better,Even Better Low Fat Cottage Cheese
982,Food,Dairy,Dairy,Sour Cream,Even Better,Even Better Low Fat Sour Cream
983,Food,Dairy,Dairy,Sour Cream,Even Better,Even Better Sour Cream
984,Food,Dairy,Dairy,Cheese,Even Better,Even Better Jack Cheese
985,Food,Dairy,Dairy,Cheese,Even Better,Even Better Muenster Cheese
986,Food,Dairy,Dairy,Cheese,Even Better,Even Better String Cheese
987,Food,Dairy,Dairy,Cheese,Even Better,Even Better Low Fat String Cheese
988,Food,Dairy,Dairy,Cheese,Even Better,Even Better Havarti Cheese
989,Food,Dairy,Dairy,Cheese,Even Better,Even Better Head Cheese
990,Food,Dairy,Dairy,Cheese,Even Better,Even Better Cheese Spread
991,Food,Dairy,Dairy,Cheese,Even Better,Even Better Sharp Cheddar Cheese
992,Food,Dairy,Dairy,Cheese,Even Better,Even Better Mild Cheddar Cheese
993,Food,Dairy,Dairy,Cottage Cheese,Even Better,Even Better Large Curd Cottage Cheese
994,Drink,Dairy,Dairy,Milk,Even Better,Even Better 2% Milk
995,Drink,Dairy,Dairy,Milk,Even Better,Even Better Buttermilk
996,Drink,Dairy,Dairy,Milk,Even Better,Even Better Chocolate Milk
997,Drink,Dairy,Dairy,Milk,Even Better,Even Better 1% Milk
998,Drink,Dairy,Dairy,Milk,Even Better,Even Better Whole Milk
999,Food,Dairy,Dairy,Yogurt,Even Better,Even Better Strawberry Yogurt
1000,Food,Dairy,Dairy,Yogurt,Even Better,Even Better Blueberry Yogurt
1001,Food,Deli,Meat,Hot Dogs,American,American Chicken Hot Dogs
1002,Food,Deli,Meat,Bologna,American,American Pimento Loaf
1003,Food,Deli,Meat,Bologna,American,American Beef Bologna
1004,Food,Deli,Meat,Bologna,American,American Low Fat Bologna
1005,Food,Deli,Meat,Hot Dogs,American,American Turkey Hot Dogs
1006,Food,Deli,Meat,Hot Dogs,American,American Foot-Long Hot Dogs
1007,Food,Deli,Side Dishes,Deli Salads,American,American Low Fat Cole Slaw
1008,Food,Deli,Side Dishes,Deli Salads,American,American Cole Slaw
1009,Food,Deli,Meat,Fresh Chicken,American,American Roasted Chicken
1010,Food,Deli,Meat,Deli Meats,American,American Corned Beef
1011,Food,Deli,Meat,Deli Meats,American,American Sliced Turkey
1012,Food,Deli,Meat,Deli Meats,American,American Sliced Ham
1013,Food,Deli,Side Dishes,Deli Salads,American,American Potato Salad
1014,Food,Deli,Meat,Deli Meats,American,American Sliced Chicken
1015,Food,Eggs,Eggs,Eggs,National,National Small Brown Eggs
1016,Food,Eggs,Eggs,Eggs,National,National Large Brown Eggs
1017,Food,Eggs,Eggs,Eggs,National,National Small Eggs
1018,Food,Eggs,Eggs,Eggs,National,National Large Eggs
1019,Food,Eggs,Eggs,Eggs,National,National Egg Substitute
1020,Food,Frozen Foods,Breakfast Foods,Waffles,PigTail,PigTail Low Fat Waffles
1021,Food,Frozen Foods,Frozen Desserts,Popsicles,PigTail,PigTail Orange Popsicles
1022,Food,Frozen Foods,Meat,Frozen Chicken,PigTail,PigTail Frozen Chicken Breast
1023,Food,Frozen Foods,Breakfast Foods,Pancakes,PigTail,PigTail Frozen Pancakes
1024,Food,Frozen Foods,Vegetables,French Fries,PigTail,PigTail Low Fat French Fries
1025,Food,Frozen Foods,Pizza,Pizza,PigTail,PigTail Frozen Sausage Pizza
1026,Food,Frozen Foods,Breakfast Foods,Waffles,PigTail,PigTail Blueberry Waffles
1027,Food,Frozen Foods,Vegetables,French Fries,PigTail,PigTail Fajita French Fries
1028,Food,Frozen Foods,Breakfast Foods,Waffles,PigTail,PigTail Waffles
1029,Food,Frozen Foods,Pizza,Pizza,PigTail,PigTail Frozen Pepperoni Pizza
1030,Food,Frozen Foods,Pizza,Pizza,PigTail,PigTail Frozen Cheese Pizza
1031,Food,Frozen Foods,Pizza,Pizza,PigTail,PigTail Frozen Mushroom Pizza
1032,Food,Frozen Foods,Breakfast Foods,Waffles,PigTail,PigTail Apple Cinnamon Waffles
1033,Food,Frozen Foods,Vegetables,Frozen Vegetables,PigTail,PigTail Frozen Carrots
1034,Food,Frozen Foods,Frozen Entrees,TV Dinner,PigTail,PigTail Turkey TV Dinner
1035,Food,Frozen Foods,Frozen Entrees,TV Dinner,PigTail,PigTail Chicken TV Dinner
1036,Food,Frozen Foods,Frozen Entrees,TV Dinner,PigTail,PigTail Beef TV Dinner
1037,Food,Frozen Foods,Breakfast Foods,Pancake Mix,PigTail,PigTail Pancake Mix
1038,Food,Frozen Foods,Frozen Desserts,Popsicles,PigTail,PigTail Grape Popsicles
1039,Food,Frozen Foods,Vegetables,French Fries,PigTail,PigTail Home Style French Fries
1040,Food,Frozen Foods,Frozen Desserts,Popsicles,PigTail,PigTail Lime Popsicles
1041,Food,Frozen Foods,Frozen Desserts,Ice Cream,PigTail,PigTail Ice Cream
1042,Food,Frozen Foods,Frozen Desserts,Ice Cream,PigTail,PigTail Ice Cream Sandwich
1043,Food,Frozen Foods,Vegetables,Frozen Vegetables,PigTail,PigTail Frozen Cauliflower
1044,Food,Frozen Foods,Vegetables,Frozen Vegetables,PigTail,PigTail Frozen Broccoli
1045,Food,Frozen Foods,Vegetables,Frozen Vegetables,PigTail,PigTail Frozen Corn
1046,Food,Frozen Foods,Vegetables,Frozen Vegetables,PigTail,PigTail Frozen Peas
1047,Food,Frozen Foods,Frozen Desserts,Ice Cream,PigTail,PigTail Popsicles
1048,Food,Frozen Foods,Meat,Frozen Chicken,PigTail,PigTail Frozen Chicken Thighs
1049,Food,Frozen Foods,Meat,Frozen Chicken,PigTail,PigTail Frozen Chicken Wings
1050,Food,Frozen Foods,Frozen Desserts,Popsicles,PigTail,PigTail Lemon Popsicles
1051,Non-Consumable,Health and Hygiene,Bathroom Products,Conditioner,Bird Call,Bird Call Silky Smooth Hair Conditioner
1052,Non-Consumable,Health and Hygiene,Hygiene,Personal Hygiene,Bird Call,Bird Call Tartar Control Toothpaste
1053,Non-Consumable,Health and Hygiene,Hygiene,Personal Hygiene,Bird Call,Bird Call Whitening Toothpast
1054,Non-Consumable,Health and Hygiene,Hygiene,Personal Hygiene,Bird Call,Bird Call Toothpaste
1055,Non-Consumable,Health and Hygiene,Hygiene,Personal Hygiene,Bird Call,Bird Call Deodorant
1056,Non-Consumable,Health and Hygiene,Bathroom Products,Shampoo,Bird Call,Bird Call Conditioning Shampoo
1057,Non-Consumable,Health and Hygiene,Bathroom Products,Shampoo,Bird Call,Bird Call Extra Moisture Shampoo
1058,Non-Consumable,Health and Hygiene,Bathroom Products,Toothbrushes,Bird Call,Bird Call Angled Toothbrush
1059,Non-Consumable,Health and Hygiene,Bathroom Products,Shampoo,Bird Call,Bird Call Apricot Shampoo
1060,Non-Consumable,Health and Hygiene,Pain Relievers,Aspirin,Bird Call,Bird Call Childrens Aspirin
1061,Non-Consumable,Health and Hygiene,Pain Relievers,Aspirin,Bird Call,Bird Call Buffered Aspirin
1062,Non-Consumable,Health and Hygiene,Pain Relievers,Ibuprofen,Bird Call,Bird Call 200 MG Ibuprofen
1063,Non-Consumable,Health and Hygiene,Pain Relievers,Acetominifen,Bird Call,Bird Call 200 MG Acetominifen
1064,Non-Consumable,Health and Hygiene,Decongestants,Nasal Sprays,Bird Call,Bird Call HCL Nasal Spray
1065,Non-Consumable,Health and Hygiene,Decongestants,Nasal Sprays,Bird Call,Bird Call Dishwasher Detergent
1066,Non-Consumable,Health and Hygiene,Cold Remedies,Cold Remedies,Bird Call,Bird Call Multi-Symptom Cold Remedy
1067,Non-Consumable,Health and Hygiene,Cold Remedies,Cold Remedies,Bird Call,Bird Call Childrens Cold Remedy
1068,Non-Consumable,Health and Hygiene,Bathroom Products,Mouthwash,Bird Call,Bird Call Laundry Detergent
1069,Non-Consumable,Health and Hygiene,Bathroom Products,Mouthwash,Bird Call,Bird Call Mint Mouthwash
1070,Non-Consumable,Household,Electrical,Lightbulbs,High Quality,High Quality 60 Watt Lightbulb
1071,Non-Consumable,Household,Plastic Products,Plastic Utensils,High Quality,High Quality Plastic Forks
1072,Non-Consumable,Household,Plastic Products,Plastic Utensils,High Quality,High Quality Plastic Spoons
1073,Non-Consumable,Household,Plastic Products,Plastic Utensils,High Quality,High Quality Plastic Knives
1074,Non-Consumable,Household,Electrical,Batteries,High Quality,High Quality C-Size Batteries
1075,Non-Consumable,Household,Electrical,Lightbulbs,High Quality,High Quality 100 Watt Lightbulb
1076,Non-Consumable,Household,Electrical,Batteries,High Quality,High Quality AAA-Size Batteries
1077,Non-Consumable,Household,Paper Products,Paper Dishes,High Quality,High Quality Paper Plates
1078,Non-Consumable,Household,Paper Products,Paper Dishes,High Quality,High Quality Paper Cups
1079,Non-Consumable,Household,Electrical,Lightbulbs,High Quality,High Quality 75 Watt Lightbulb
1080,Non-Consumable,Household,Cleaning Supplies,Cleaners,High Quality,High Quality Toilet Bowl Cleaner
1081,Non-Consumable,Household,Cleaning Supplies,Cleaners,High Quality,High Quality Counter Cleaner
1082,Non-Consumable,Household,Cleaning Supplies,Cleaners,High Quality,High Quality Glass Cleaner
1083,Non-Consumable,Household,Electrical,Lightbulbs,High Quality,High Quality 25 Watt Lightbulb
1084,Non-Consumable,Household,Electrical,Batteries,High Quality,High Quality AA-Size Batteries
1085,Non-Consumable,Household,Electrical,Batteries,High Quality,High Quality D-Size Batteries
1086,Non-Consumable,Household,Paper Products,Paper Wipes,High Quality,High Quality Paper Towels
1087,Non-Consumable,Household,Paper Products,Paper Wipes,High Quality,High Quality Soft Napkins
1088,Non-Consumable,Household,Paper Products,Paper Wipes,High Quality,High Quality Scented Tissue
1089,Non-Consumable,Household,Paper Products,Paper Wipes,High Quality,High Quality Toilet Paper
1090,Non-Consumable,Household,Paper Products,Paper Wipes,High Quality,High Quality Tissues
1091,Non-Consumable,Household,Paper Products,Paper Wipes,High Quality,High Quality Scented Toilet Tissue
1092,Non-Consumable,Household,Cleaning Supplies,Deodorizers,High Quality,High Quality Room Freshener
1093,Non-Consumable,Household,Kitchen Products,Pots and Pans,High Quality,High Quality Frying Pan
1094,Non-Consumable,Household,Kitchen Products,Pot Cleaners,High Quality,High Quality Copper Cleaner
1095,Non-Consumable,Household,Candles,Candles,High Quality,High Quality Bees Wax Candles
1096,Non-Consumable,Household,Kitchen Products,Pot Cleaners,High Quality,High Quality Silver Cleaner
1097,Non-Consumable,Household,Kitchen Products,Pot Scrubbers,High Quality,High Quality Copper Pot Scrubber
1098,Non-Consumable,Household,Bathroom Products,Toilet Brushes,High Quality,High Quality Economy Toilet Brush
1099,Non-Consumable,Household,Hardware,Tools,High Quality,High Quality Scissors
1100,Non-Consumable,Household,Kitchen Products,Sponges,High Quality,High Quality Large Sponge
1101,Non-Consumable,Household,Hardware,Tools,High Quality,High Quality Screw Driver
1102,Food,Meat,Meat,Hamburger,Genteel,Genteel Extra Lean Hamburger
1103,Food,Meat,Meat,Hamburger,Genteel,Genteel Seasoned Hamburger
1104,Non-Consumable,Periodicals,Magazines,Sports Magazines,Mighty Good,Mighty Good Monthly Sports Magazine
1105,Non-Consumable,Periodicals,Magazines,Auto Magazines,Mighty Good,Mighty Good Monthly Auto Magazine
1106,Non-Consumable,Periodicals,Magazines,Computer Magazines,Mighty Good,Mighty Good Monthly Computer Magazine
1107,Non-Consumable,Periodicals,Magazines,Home Magazines,Mighty Good,Mighty Good Monthly Home Magazine
1108,Non-Consumable,Periodicals,Magazines,Fashion Magazines,Mighty Good,Mighty Good Monthly Fashion Magazine
1109,Food,Produce,Vegetables,Fresh Vegetables,Tri-State,Tri-State Summer Squash
1110,Food,Produce,Vegetables,Fresh Vegetables,Tri-State,Tri-State Corn on the Cob
1111,Food,Produce,Vegetables,Fresh Vegetables,Tri-State,Tri-State Asparagus
1112,Food,Produce,Vegetables,Fresh Vegetables,Tri-State,Tri-State Sweet Peas
1113,Food,Produce,Vegetables,Fresh Vegetables,Tri-State,Tri-State New Potatos
1114,Food,Produce,Vegetables,Fresh Vegetables,Tri-State,Tri-State Beets
1115,Food,Produce,Vegetables,Fresh Vegetables,Tri-State,Tri-State Prepared Salad
1116,Food,Produce,Vegetables,Fresh Vegetables,Tri-State,Tri-State Onions
1117,Food,Produce,Vegetables,Fresh Vegetables,Tri-State,Tri-State Green Pepper
1118,Food,Produce,Vegetables,Fresh Vegetables,Tri-State,Tri-State Shitake Mushrooms
1119,Food,Produce,Vegetables,Fresh Vegetables,Tri-State,Tri-State Lettuce
1120,Food,Produce,Vegetables,Fresh Vegetables,Tri-State,Tri-State Elephant Garlic
1121,Food,Produce,Vegetables,Fresh Vegetables,Tri-State,Tri-State Red Pepper
1122,Food,Produce,Vegetables,Fresh Vegetables,Tri-State,Tri-State Garlic
1123,Food,Produce,Vegetables,Fresh Vegetables,Tri-State,Tri-State Potatos
1124,Food,Produce,Vegetables,Fresh Vegetables,Tri-State,Tri-State Cauliflower
1125,Food,Produce,Vegetables,Fresh Vegetables,Tri-State,Tri-State Tomatos
1126,Food,Produce,Vegetables,Fresh Vegetables,Tri-State,Tri-State Mushrooms
1127,Food,Produce,Vegetables,Fresh Vegetables,Tri-State,Tri-State Baby Onion
1128,Food,Produce,Vegetables,Fresh Vegetables,Tri-State,Tri-State Dried Mushrooms
1129,Food,Produce,Vegetables,Fresh Vegetables,Tri-State,Tri-State Fresh Lima Beans
1130,Food,Produce,Vegetables,Fresh Vegetables,Tri-State,Tri-State Squash
1131,Food,Produce,Fruit,Fresh Fruit,Tri-State,Tri-State Limes
1132,Food,Produce,Packaged Vegetables,Tofu,Tri-State,Tri-State Firm Tofu
1133,Food,Produce,Specialty,Nuts,Tri-State,Tri-State Almonds
1134,Food,Produce,Fruit,Fresh Fruit,Tri-State,Tri-State Macintosh Apples
1135,Food,Produce,Fruit,Fresh Fruit,Tri-State,Tri-State Golden Delcious Apples
1136,Food,Produce,Fruit,Fresh Fruit,Tri-State,Tri-State Red Delcious Apples
1137,Food,Produce,Fruit,Fresh Fruit,Tri-State,Tri-State Lemons
1138,Food,Produce,Fruit,Fresh Fruit,Tri-State,Tri-State Fancy Plums
1139,Food,Produce,Fruit,Fresh Fruit,Tri-State,Tri-State Plums
1140,Food,Produce,Fruit,Fresh Fruit,Tri-State,Tri-State Peaches
1141,Food,Produce,Vegetables,Fresh Vegetables,Tri-State,Tri-State Broccoli
1142,Food,Produce,Fruit,Fresh Fruit,Tri-State,Tri-State Mandarin Oranges
1143,Food,Produce,Specialty,Nuts,Tri-State,Tri-State Mixed Nuts
1144,Food,Produce,Specialty,Nuts,Tri-State,Tri-State Canned Peanuts
1145,Food,Produce,Vegetables,Fresh Vegetables,Tri-State,Tri-State Sweet Onion
1146,Food,Produce,Fruit,Fresh Fruit,Tri-State,Tri-State Cantelope
1147,Food,Produce,Fruit,Fresh Fruit,Tri-State,Tri-State Honey Dew
1148,Food,Produce,Fruit,Fresh Fruit,Tri-State,Tri-State Fuji Apples
1149,Food,Produce,Specialty,Nuts,Tri-State,Tri-State Walnuts
1150,Food,Produce,Fruit,Fresh Fruit,Tri-State,Tri-State Oranges
1151,Food,Produce,Fruit,Fresh Fruit,Tri-State,Tri-State Tangerines
1152,Food,Produce,Specialty,Nuts,Tri-State,Tri-State Party Nuts
1153,Food,Seafood,Seafood,Fresh Fish,Dual City,Dual City Lox
1154,Food,Seafood,Seafood,Shellfish,Dual City,Dual City Scallops
1155,Food,Snack Foods,Snack Foods,Cookies,Horatio,Horatio Low Fat Cookies
1156,Food,Snack Foods,Snack Foods,Chips,Horatio,Horatio BBQ Potato Chips
1157,Food,Snack Foods,Snack Foods,Chips,Horatio,Horatio Corn Chips
1158,Food,Snack Foods,Snack Foods,Chips,Horatio,Horatio Low Fat BBQ Chips
1159,Food,Snack Foods,Snack Foods,Cookies,Horatio,Horatio Sugar Cookies
1160,Food,Snack Foods,Snack Foods,Cookies,Horatio,Horatio Chocolate Chip Cookies
1161,Food,Snack Foods,Snack Foods,Cookies,Horatio,Horatio Fudge Cookies
1162,Food,Snack Foods,Snack Foods,Cookies,Horatio,Horatio Fudge Brownies
1163,Food,Snack Foods,Snack Foods,Chips,Horatio,Horatio Potato Chips
1164,Food,Snack Foods,Snack Foods,Cookies,Horatio,Horatio Lemon Cookies
1165,Food,Snack Foods,Snack Foods,Cookies,Horatio,Horatio Graham Crackers
1166,Food,Snack Foods,Snack Foods,Crackers,Horatio,Horatio Cheese Crackers
1167,Food,Snack Foods,Snack Foods,Popcorn,Horatio,Horatio Buttered Popcorn
1168,Food,Snack Foods,Snack Foods,Popcorn,Horatio,Horatio No Salt Popcorn
1169,Food,Snack Foods,Snack Foods,Popcorn,Horatio,Horatio Low Fat Popcorn
1170,Food,Snack Foods,Snack Foods,Dips,Horatio,Horatio Salsa Dip
1171,Food,Snack Foods,Snack Foods,Dips,Horatio,Horatio Avocado Dip
1172,Food,Snack Foods,Snack Foods,Pretzels,Horatio,Horatio Salted Pretzels
1173,Food,Snack Foods,Snack Foods,Dips,Horatio,Horatio Cheese Dip
1174,Food,Snack Foods,Snack Foods,Dips,Horatio,Horatio Fondue Mix
1175,Food,Snack Foods,Snack Foods,Donuts,Horatio,Horatio Mini Donuts
1176,Food,Snack Foods,Snack Foods,Dried Meat,Horatio,Horatio Beef Jerky
1177,Food,Snack Foods,Snack Foods,Donuts,Horatio,Horatio Chocolate Donuts
1178,Food,Snack Foods,Snack Foods,Chips,Horatio,Horatio Low Fat Chips
1179,Food,Snack Foods,Snack Foods,Crackers,Horatio,Horatio Sesame Crackers
1180,Food,Snack Foods,Snack Foods,Cookies,Horatio,Horatio Frosted Cookies
1181,Food,Snack Foods,Snack Foods,Dried Fruit,Horatio,Horatio Dried Apples
1182,Food,Snack Foods,Snack Foods,Dried Fruit,Horatio,Horatio Apple Fruit Roll
1183,Food,Snack Foods,Snack Foods,Dried Fruit,Horatio,Horatio Strawberry Fruit Roll
1184,Food,Snack Foods,Snack Foods,Dried Fruit,Horatio,Horatio Raspberry Fruit Roll
1185,Food,Snack Foods,Snack Foods,Dried Fruit,Horatio,Horatio Grape Fruit Roll
1186,Food,Snack Foods,Snack Foods,Dried Fruit,Horatio,Horatio Dried Dates
1187,Food,Snack Foods,Snack Foods,Dried Fruit,Horatio,Horatio Raisins
1188,Food,Snack Foods,Snack Foods,Dried Fruit,Horatio,Horatio Golden Raisins
1189,Food,Snack Foods,Snack Foods,Dried Fruit,Horatio,Horatio Dried Apricots
1190,Food,Snack Foods,Snack Foods,Donuts,Horatio,Horatio Frosted Donuts
1191,Food,Snacks,Candy,Chocolate Candy,Musial,Musial Tasty Candy Bar
1192,Food,Snacks,Candy,Chocolate Candy,Musial,Musial Mint Chocolate Bar
1193,Food,Snacks,Candy,Chocolate Candy,Musial,Musial Malted Milk Balls
1194,Food,Snacks,Candy,Chocolate Candy,Musial,Musial Semi-Sweet Chocolate Bar
1195,Food,Snacks,Candy,Gum,Musial,Musial Bubble Gum
1196,Food,Snacks,Candy,Hard Candy,Musial,Musial Spicy Mints
1197,Food,Snacks,Candy,Hard Candy,Musial,Musial Mints
1198,Food,Snacks,Candy,Chocolate Candy,Musial,Musial White Chocolate Bar
1199,Food,Starchy Foods,Starchy Foods,Pasta,Colossal,Colossal Ravioli
1200,Food,Starchy Foods,Starchy Foods,Pasta,Colossal,Colossal Manicotti
1201,Food,Starchy Foods,Starchy Foods,Pasta,Colossal,Colossal Spaghetti
1202,Food,Starchy Foods,Starchy Foods,Rice,Colossal,Colossal Thai Rice
1203,Food,Starchy Foods,Starchy Foods,Rice,Colossal,Colossal Rice Medly
1204,Drink,Alcoholic Beverages,Beer and Wine,Beer,Portsmouth,Portsmouth Imported Beer
1205,Drink,Alcoholic Beverages,Beer and Wine,Wine,Portsmouth,Portsmouth Light Wine
1206,Drink,Alcoholic Beverages,Beer and Wine,Wine,Portsmouth,Portsmouth Chardonnay Wine
1207,Drink,Alcoholic Beverages,Beer and Wine,Wine,Portsmouth,Portsmouth Chablis Wine
1208,Drink,Alcoholic Beverages,Beer and Wine,Wine,Portsmouth,Portsmouth Merlot Wine
1209,Drink,Alcoholic Beverages,Beer and Wine,Wine,Portsmouth,Portsmouth Chardonnay
1210,Drink,Alcoholic Beverages,Beer and Wine,Wine,Portsmouth,Portsmouth White Zinfandel Wine
1211,Drink,Alcoholic Beverages,Beer and Wine,Beer,Portsmouth,Portsmouth Light Beer
1212,Food,Baked Goods,Bread,Sliced Bread,Sphinx,Sphinx Pumpernickel Bread
1213,Food,Baked Goods,Bread,Sliced Bread,Sphinx,Sphinx White Bread
1214,Food,Baked Goods,Bread,Sliced Bread,Sphinx,Sphinx Rye Bread
1215,Food,Baked Goods,Bread,Muffins,Sphinx,Sphinx English Muffins
1216,Food,Baked Goods,Bread,Muffins,Sphinx,Sphinx Cranberry Muffins
1217,Food,Baked Goods,Bread,Muffins,Sphinx,Sphinx Muffins
1218,Food,Baked Goods,Bread,Bagels,Sphinx,Sphinx Bagels
1219,Food,Baked Goods,Bread,Muffins,Sphinx,Sphinx Blueberry Muffins
1220,Food,Baked Goods,Bread,Sliced Bread,Sphinx,Sphinx Wheat Bread
1221,Food,Baking Goods,Baking Goods,Cooking Oil,Plato,Plato Sesame Oil
1222,Food,Baking Goods,Jams and Jellies,Peanut Butter,Plato,Plato Chunky Peanut Butter
1223,Drink,Beverages,Hot Beverages,Chocolate,Plato,Plato Hot Chocolate
1224,Food,Baking Goods,Baking Goods,Sugar,Plato,Plato Brown Sugar
1225,Food,Baking Goods,Baking Goods,Sugar,Plato,Plato White Sugar
1226,Drink,Beverages,Hot Beverages,Coffee,Plato,Plato French Roast Coffee
1227,Drink,Beverages,Hot Beverages,Coffee,Plato,Plato Decaf Coffee
1228,Drink,Beverages,Hot Beverages,Coffee,Plato,Plato Regular Coffee
1229,Food,Baking Goods,Baking Goods,Cooking Oil,Plato,Plato Vegetable Oil
1230,Food,Baking Goods,Baking Goods,Cooking Oil,Plato,Plato Corn Oil
1231,Food,Baking Goods,Baking Goods,Sauces,Plato,Plato Tomato Sauce
1232,Food,Baking Goods,Baking Goods,Cooking Oil,Plato,Plato Canola Oil
1233,Food,Baking Goods,Jams and Jellies,Preserves,Plato,Plato Grape Preserves
1234,Drink,Beverages,Hot Beverages,Coffee,Plato,Plato Columbian Coffee
1235,Food,Baking Goods,Jams and Jellies,Jelly,Plato,Plato Strawberry Jelly
1236,Food,Baking Goods,Baking Goods,Spices,Plato,Plato Pepper
1237,Food,Baking Goods,Jams and Jellies,Preserves,Plato,Plato Low Fat Apple Butter
1238,Food,Baking Goods,Baking Goods,Spices,Plato,Plato Salt
1239,Food,Baking Goods,Jams and Jellies,Preserves,Plato,Plato Apple Butter
1240,Food,Baking Goods,Baking Goods,Spices,Plato,Plato Oregano
1241,Food,Baking Goods,Jams and Jellies,Jelly,Plato,Plato Apple Jelly
1242,Food,Baking Goods,Jams and Jellies,Jam,Plato,Plato Grape Jam
1243,Food,Baking Goods,Jams and Jellies,Jam,Plato,Plato Apple Jam
1244,Food,Baking Goods,Jams and Jellies,Jam,Plato,Plato Strawberry Jam
1245,Food,Baking Goods,Jams and Jellies,Peanut Butter,Plato,Plato Creamy Peanut Butter
1246,Food,Baking Goods,Jams and Jellies,Preserves,Plato,Plato Strawberry Preserves
1247,Food,Baking Goods,Jams and Jellies,Peanut Butter,Plato,Plato Extra Chunky Peanut Butter
1248,Food,Baking Goods,Jams and Jellies,Preserves,Plato,Plato Apple Preserves
1249,Food,Baking Goods,Jams and Jellies,Jelly,Plato,Plato Grape Jelly
1250,Drink,Beverages,Pure Juice Beverages,Juice,Skinner,Skinner Berry Juice
1251,Drink,Beverages,Drinks,Flavored Drinks,Skinner,Skinner Mango Drink
1252,Drink,Beverages,Drinks,Flavored Drinks,Skinner,Skinner Strawberry Drink
1253,Drink,Beverages,Carbonated Beverages,Soda,Skinner,Skinner Cream Soda
1254,Drink,Beverages,Carbonated Beverages,Soda,Skinner,Skinner Diet Soda
1255,Drink,Beverages,Carbonated Beverages,Soda,Skinner,Skinner Cola
1256,Drink,Beverages,Carbonated Beverages,Soda,Skinner,Skinner Diet Cola
1257,Drink,Beverages,Pure Juice Beverages,Juice,Skinner,Skinner Orange Juice
1258,Drink,Beverages,Pure Juice Beverages,Juice,Skinner,Skinner Cranberry Juice
1259,Drink,Beverages,Pure Juice Beverages,Juice,Skinner,Skinner Apple Juice
1260,Drink,Beverages,Drinks,Flavored Drinks,Skinner,Skinner Apple Drink
1261,Food,Breakfast Foods,Breakfast Foods,Cereal,Johnson,Johnson Oatmeal
1262,Food,Breakfast Foods,Breakfast Foods,Cereal,Johnson,Johnson Corn Puffs
1263,Food,Breakfast Foods,Breakfast Foods,Cereal,Johnson,Johnson Wheat Puffs
1264,Food,Breakfast Foods,Breakfast Foods,Cereal,Johnson,Johnson Grits
1265,Food,Canned Foods,Vegetables,Canned Vegetables,Pleasant,Pleasant Canned Beets
1266,Food,Canned Foods,Vegetables,Canned Vegetables,Pleasant,Pleasant Creamed Corn
1267,Food,Canned Foods,Vegetables,Canned Vegetables,Pleasant,Pleasant Canned String Beans
1268,Food,Canned Foods,Canned Soup,Soup,Pleasant,Pleasant Chicken Soup
1269,Food,Canned Foods,Vegetables,Canned Vegetables,Pleasant,Pleasant Canned Yams
1270,Food,Canned Foods,Canned Soup,Soup,Pleasant,Pleasant Vegetable Soup
1271,Food,Canned Foods,Vegetables,Canned Vegetables,Pleasant,Pleasant Canned Tomatos
1272,Food,Canned Foods,Canned Soup,Soup,Pleasant,Pleasant Noodle Soup
1273,Food,Canned Foods,Canned Soup,Soup,Pleasant,Pleasant Regular Ramen Soup
1274,Food,Canned Foods,Canned Soup,Soup,Pleasant,Pleasant Chicken Noodle Soup
1275,Food,Canned Foods,Canned Soup,Soup,Pleasant,Pleasant Turkey Noodle Soup
1276,Food,Canned Foods,Canned Soup,Soup,Pleasant,Pleasant Beef Soup
1277,Food,Canned Foods,Vegetables,Canned Vegetables,Pleasant,Pleasant Canned Peas
1278,Food,Canned Foods,Canned Soup,Soup,Pleasant,Pleasant Chicken Ramen Soup
1279,Food,Canned Foods,Canned Tuna,Tuna,Pleasant,Pleasant Canned Tuna in Water
1280,Food,Canned Foods,Canned Tuna,Tuna,Pleasant,Pleasant Canned Tuna in Oil
1281,Food,Canned Foods,Canned Shrimp,Shrimp,Pleasant,Pleasant Large Canned Shrimp
1282,Food,Canned Foods,Canned Anchovies,Anchovies,Pleasant,Pleasant Fancy Canned Anchovies
1283,Food,Canned Foods,Canned Clams,Clams,Pleasant,Pleasant Fancy Canned Clams
1284,Food,Canned Foods,Canned Oysters,Oysters,Pleasant,Pleasant Fancy Canned Oysters
1285,Food,Canned Foods,Canned Sardines,Sardines,Pleasant,Pleasant Fancy Canned Sardines
1286,Food,Canned Foods,Canned Soup,Soup,Pleasant,Pleasant Rice Soup
1287,Food,Canned Products,Fruit,Canned Fruit,Toucan,Toucan Canned Mixed Fruit
1288,Food,Canned Products,Fruit,Canned Fruit,Toucan,Toucan Canned Peaches
1289,Non-Consumable,Carousel,Specialty,Sunglasses,Toretti,Toretti Rosy Sunglasses
1290,Non-Consumable,Checkout,Hardware,Screwdrivers,Framton,Framton Eyeglass Screwdriver
1291,Non-Consumable,Checkout,Miscellaneous,Maps,Framton,Framton City Map
1292,Food,Dairy,Dairy,Cottage Cheese,Booker,Booker Low Fat Cottage Cheese
1293,Food,Dairy,Dairy,Sour Cream,Booker,Booker Low Fat Sour Cream
1294,Food,Dairy,Dairy,Sour Cream,Booker,Booker Sour Cream
1295,Food,Dairy,Dairy,Cheese,Booker,Booker Jack Cheese
1296,Food,Dairy,Dairy,Cheese,Booker,Booker Muenster Cheese
1297,Food,Dairy,Dairy,Cheese,Booker,Booker String Cheese
1298,Food,Dairy,Dairy,Cheese,Booker,Booker Low Fat String Cheese
1299,Food,Dairy,Dairy,Cheese,Booker,Booker Havarti Cheese
1300,Food,Dairy,Dairy,Cheese,Booker,Booker Head Cheese
1301,Food,Dairy,Dairy,Cheese,Booker,Booker Cheese Spread
1302,Food,Dairy,Dairy,Cheese,Booker,Booker Sharp Cheddar Cheese
1303,Food,Dairy,Dairy,Cheese,Booker,Booker Mild Cheddar Cheese
1304,Food,Dairy,Dairy,Cottage Cheese,Booker,Booker Large Curd Cottage Cheese
1305,Drink,Dairy,Dairy,Milk,Booker,Booker 2% Milk
1306,Drink,Dairy,Dairy,Milk,Booker,Booker Buttermilk
1307,Drink,Dairy,Dairy,Milk,Booker,Booker Chocolate Milk
1308,Drink,Dairy,Dairy,Milk,Booker,Booker 1% Milk
1309,Drink,Dairy,Dairy,Milk,Booker,Booker Whole Milk
1310,Food,Dairy,Dairy,Yogurt,Booker,Booker Strawberry Yogurt
1311,Food,Dairy,Dairy,Yogurt,Booker,Booker Blueberry Yogurt
1312,Food,Deli,Meat,Hot Dogs,Lake,Lake Chicken Hot Dogs
1313,Food,Deli,Meat,Bologna,Lake,Lake Pimento Loaf
1314,Food,Deli,Meat,Bologna,Lake,Lake Beef Bologna
1315,Food,Deli,Meat,Bologna,Lake,Lake Low Fat Bologna
1316,Food,Deli,Meat,Hot Dogs,Lake,Lake Turkey Hot Dogs
1317,Food,Deli,Meat,Hot Dogs,Lake,Lake Foot-Long Hot Dogs
1318,Food,Deli,Side Dishes,Deli Salads,Lake,Lake Low Fat Cole Slaw
1319,Food,Deli,Side Dishes,Deli Salads,Lake,Lake Cole Slaw
1320,Food,Deli,Meat,Fresh Chicken,Lake,Lake Roasted Chicken
1321,Food,Deli,Meat,Deli Meats,Lake,Lake Corned Beef
1322,Food,Deli,Meat,Deli Meats,Lake,Lake Sliced Turkey
1323,Food,Deli,Meat,Deli Meats,Lake,Lake Sliced Ham
1324,Food,Deli,Side Dishes,Deli Salads,Lake,Lake Potato Salad
1325,Food,Deli,Meat,Deli Meats,Lake,Lake Sliced Chicken
1326,Food,Eggs,Eggs,Eggs,Giant,Giant Small Brown Eggs
1327,Food,Eggs,Eggs,Eggs,Giant,Giant Large Brown Eggs
1328,Food,Eggs,Eggs,Eggs,Giant,Giant Small Eggs
1329,Food,Eggs,Eggs,Eggs,Giant,Giant Large Eggs
1330,Food,Eggs,Eggs,Eggs,Giant,Giant Egg Substitute
1331,Food,Frozen Foods,Breakfast Foods,Waffles,Carrington,Carrington Low Fat Waffles
1332,Food,Frozen Foods,Frozen Desserts,Popsicles,Carrington,Carrington Orange Popsicles
1333,Food,Frozen Foods,Meat,Frozen Chicken,Carrington,Carrington Frozen Chicken Breast
1334,Food,Frozen Foods,Breakfast Foods,Pancakes,Carrington,Carrington Frozen Pancakes
1335,Food,Frozen Foods,Vegetables,French Fries,Carrington,Carrington Low Fat French Fries
1336,Food,Frozen Foods,Pizza,Pizza,Carrington,Carrington Frozen Sausage Pizza
1337,Food,Frozen Foods,Breakfast Foods,Waffles,Carrington,Carrington Blueberry Waffles
1338,Food,Frozen Foods,Vegetables,French Fries,Carrington,Carrington Fajita French Fries
1339,Food,Frozen Foods,Breakfast Foods,Waffles,Carrington,Carrington Waffles
1340,Food,Frozen Foods,Pizza,Pizza,Carrington,Carrington Frozen Pepperoni Pizza
1341,Food,Frozen Foods,Pizza,Pizza,Carrington,Carrington Frozen Cheese Pizza
1342,Food,Frozen Foods,Pizza,Pizza,Carrington,Carrington Frozen Mushroom Pizza
1343,Food,Frozen Foods,Breakfast Foods,Waffles,Carrington,Carrington Apple Cinnamon Waffles
1344,Food,Frozen Foods,Vegetables,Frozen Vegetables,Carrington,Carrington Frozen Carrots
1345,Food,Frozen Foods,Frozen Entrees,TV Dinner,Carrington,Carrington Turkey TV Dinner
1346,Food,Frozen Foods,Frozen Entrees,TV Dinner,Carrington,Carrington Chicken TV Dinner
1347,Food,Frozen Foods,Frozen Entrees,TV Dinner,Carrington,Carrington Beef TV Dinner
1348,Food,Frozen Foods,Breakfast Foods,Pancake Mix,Carrington,Carrington Pancake Mix
1349,Food,Frozen Foods,Frozen Desserts,Popsicles,Carrington,Carrington Grape Popsicles
1350,Food,Frozen Foods,Vegetables,French Fries,Carrington,Carrington Home Style French Fries
1351,Food,Frozen Foods,Frozen Desserts,Popsicles,Carrington,Carrington Lime Popsicles
1352,Food,Frozen Foods,Frozen Desserts,Ice Cream,Carrington,Carrington Ice Cream
1353,Food,Frozen Foods,Frozen Desserts,Ice Cream,Carrington,Carrington Ice Cream Sandwich
1354,Food,Frozen Foods,Vegetables,Frozen Vegetables,Carrington,Carrington Frozen Cauliflower
1355,Food,Frozen Foods,Vegetables,Frozen Vegetables,Carrington,Carrington Frozen Broccoli
1356,Food,Frozen Foods,Vegetables,Frozen Vegetables,Carrington,Carrington Frozen Corn
1357,Food,Frozen Foods,Vegetables,Frozen Vegetables,Carrington,Carrington Frozen Peas
1358,Food,Frozen Foods,Frozen Desserts,Ice Cream,Carrington,Carrington Popsicles
1359,Food,Frozen Foods,Meat,Frozen Chicken,Carrington,Carrington Frozen Chicken Thighs
1360,Food,Frozen Foods,Meat,Frozen Chicken,Carrington,Carrington Frozen Chicken Wings
1361,Food,Frozen Foods,Frozen Desserts,Popsicles,Carrington,Carrington Lemon Popsicles
1362,Non-Consumable,Health and Hygiene,Bathroom Products,Conditioner,Hilltop,Hilltop Silky Smooth Hair Conditioner
1363,Non-Consumable,Health and Hygiene,Hygiene,Personal Hygiene,Hilltop,Hilltop Tartar Control Toothpaste
1364,Non-Consumable,Health and Hygiene,Hygiene,Personal Hygiene,Hilltop,Hilltop Whitening Toothpast
1365,Non-Consumable,Health and Hygiene,Hygiene,Personal Hygiene,Hilltop,Hilltop Toothpaste
1366,Non-Consumable,Health and Hygiene,Hygiene,Personal Hygiene,Hilltop,Hilltop Deodorant
1367,Non-Consumable,Health and Hygiene,Bathroom Products,Shampoo,Hilltop,Hilltop Conditioning Shampoo
1368,Non-Consumable,Health and Hygiene,Bathroom Products,Shampoo,Hilltop,Hilltop Extra Moisture Shampoo
1369,Non-Consumable,Health and Hygiene,Bathroom Products,Toothbrushes,Hilltop,Hilltop Angled Toothbrush
1370,Non-Consumable,Health and Hygiene,Bathroom Products,Shampoo,Hilltop,Hilltop Apricot Shampoo
1371,Non-Consumable,Health and Hygiene,Pain Relievers,Aspirin,Hilltop,Hilltop Childrens Aspirin
1372,Non-Consumable,Health and Hygiene,Pain Relievers,Aspirin,Hilltop,Hilltop Buffered Aspirin
1373,Non-Consumable,Health and Hygiene,Pain Relievers,Ibuprofen,Hilltop,Hilltop 200 MG Ibuprofen
1374,Non-Consumable,Health and Hygiene,Pain Relievers,Acetominifen,Hilltop,Hilltop 200 MG Acetominifen
1375,Non-Consumable,Health and Hygiene,Decongestants,Nasal Sprays,Hilltop,Hilltop HCL Nasal Spray
1376,Non-Consumable,Health and Hygiene,Decongestants,Nasal Sprays,Hilltop,Hilltop Dishwasher Detergent
1377,Non-Consumable,Health and Hygiene,Cold Remedies,Cold Remedies,Hilltop,Hilltop Multi-Symptom Cold Remedy
1378,Non-Consumable,Health and Hygiene,Cold Remedies,Cold Remedies,Hilltop,Hilltop Childrens Cold Remedy
1379,Non-Consumable,Health and Hygiene,Bathroom Products,Mouthwash,Hilltop,Hilltop Laundry Detergent
1380,Non-Consumable,Health and Hygiene,Bathroom Products,Mouthwash,Hilltop,Hilltop Mint Mouthwash
1381,Non-Consumable,Household,Electrical,Lightbulbs,Sunset,Sunset 60 Watt Lightbulb
1382,Non-Consumable,Household,Plastic Products,Plastic Utensils,Sunset,Sunset Plastic Forks
1383,Non-Consumable,Household,Plastic Products,Plastic Utensils,Sunset,Sunset Plastic Spoons
1384,Non-Consumable,Household,Plastic Products,Plastic Utensils,Sunset,Sunset Plastic Knives
1385,Non-Consumable,Household,Electrical,Batteries,Sunset,Sunset C-Size Batteries
1386,Non-Consumable,Household,Electrical,Lightbulbs,Sunset,Sunset 100 Watt Lightbulb
1387,Non-Consumable,Household,Electrical,Batteries,Sunset,Sunset AAA-Size Batteries
1388,Non-Consumable,Household,Paper Products,Paper Dishes,Sunset,Sunset Paper Plates
1389,Non-Consumable,Household,Paper Products,Paper Dishes,Sunset,Sunset Paper Cups
1390,Non-Consumable,Household,Electrical,Lightbulbs,Sunset,Sunset 75 Watt Lightbulb
1391,Non-Consumable,Household,Cleaning Supplies,Cleaners,Sunset,Sunset Toilet Bowl Cleaner
1392,Non-Consumable,Household,Cleaning Supplies,Cleaners,Sunset,Sunset Counter Cleaner
1393,Non-Consumable,Household,Cleaning Supplies,Cleaners,Sunset,Sunset Glass Cleaner
1394,Non-Consumable,Household,Electrical,Lightbulbs,Sunset,Sunset 25 Watt Lightbulb
1395,Non-Consumable,Household,Electrical,Batteries,Sunset,Sunset AA-Size Batteries
1396,Non-Consumable,Household,Electrical,Batteries,Sunset,Sunset D-Size Batteries
1397,Non-Consumable,Household,Paper Products,Paper Wipes,Sunset,Sunset Paper Towels
1398,Non-Consumable,Household,Paper Products,Paper Wipes,Sunset,Sunset Soft Napkins
1399,Non-Consumable,Household,Paper Products,Paper Wipes,Sunset,Sunset Scented Tissue
1400,Non-Consumable,Household,Paper Products,Paper Wipes,Sunset,Sunset Toilet Paper
1401,Non-Consumable,Household,Paper Products,Paper Wipes,Sunset,Sunset Tissues
1402,Non-Consumable,Household,Paper Products,Paper Wipes,Sunset,Sunset Scented Toilet Tissue
1403,Non-Consumable,Household,Cleaning Supplies,Deodorizers,Sunset,Sunset Room Freshener
1404,Non-Consumable,Household,Kitchen Products,Pots and Pans,Sunset,Sunset Frying Pan
1405,Non-Consumable,Household,Kitchen Products,Pot Cleaners,Sunset,Sunset Copper Cleaner
1406,Non-Consumable,Household,Candles,Candles,Sunset,Sunset Bees Wax Candles
1407,Non-Consumable,Household,Kitchen Products,Pot Cleaners,Sunset,Sunset Silver Cleaner
1408,Non-Consumable,Household,Kitchen Products,Pot Scrubbers,Sunset,Sunset Copper Pot Scrubber
1409,Non-Consumable,Household,Bathroom Products,Toilet Brushes,Sunset,Sunset Economy Toilet Brush
1410,Non-Consumable,Household,Hardware,Tools,Sunset,Sunset Scissors
1411,Non-Consumable,Household,Kitchen Products,Sponges,Sunset,Sunset Large Sponge
1412,Non-Consumable,Household,Hardware,Tools,Sunset,Sunset Screw Driver
1413,Food,Meat,Meat,Hamburger,Gerolli,Gerolli Extra Lean Hamburger
1414,Food,Meat,Meat,Hamburger,Gerolli,Gerolli Seasoned Hamburger
1415,Non-Consumable,Periodicals,Magazines,Sports Magazines,Gauss,Gauss Monthly Sports Magazine
1416,Non-Consumable,Periodicals,Magazines,Auto Magazines,Gauss,Gauss Monthly Auto Magazine
1417,Non-Consumable,Periodicals,Magazines,Computer Magazines,Gauss,Gauss Monthly Computer Magazine
1418,Non-Consumable,Periodicals,Magazines,Home Magazines,Gauss,Gauss Monthly Home Magazine
1419,Non-Consumable,Periodicals,Magazines,Fashion Magazines,Gauss,Gauss Monthly Fashion Magazine
1420,Food,Produce,Vegetables,Fresh Vegetables,Hermanos,Hermanos Summer Squash
1421,Food,Produce,Vegetables,Fresh Vegetables,Hermanos,Hermanos Corn on the Cob
1422,Food,Produce,Vegetables,Fresh Vegetables,Hermanos,Hermanos Asparagus
1423,Food,Produce,Vegetables,Fresh Vegetables,Hermanos,Hermanos Sweet Peas
1424,Food,Produce,Vegetables,Fresh Vegetables,Hermanos,Hermanos New Potatos
1425,Food,Produce,Vegetables,Fresh Vegetables,Hermanos,Hermanos Beets
1426,Food,Produce,Vegetables,Fresh Vegetables,Hermanos,Hermanos Prepared Salad
1427,Food,Produce,Vegetables,Fresh Vegetables,Hermanos,Hermanos Onions
1428,Food,Produce,Vegetables,Fresh Vegetables,Hermanos,Hermanos Green Pepper
1429,Food,Produce,Vegetables,Fresh Vegetables,Hermanos,Hermanos Shitake Mushrooms
1430,Food,Produce,Vegetables,Fresh Vegetables,Hermanos,Hermanos Lettuce
1431,Food,Produce,Vegetables,Fresh Vegetables,Hermanos,Hermanos Elephant Garlic
1432,Food,Produce,Vegetables,Fresh Vegetables,Hermanos,Hermanos Red Pepper
1433,Food,Produce,Vegetables,Fresh Vegetables,Hermanos,Hermanos Garlic
1434,Food,Produce,Vegetables,Fresh Vegetables,Hermanos,Hermanos Potatos
1435,Food,Produce,Vegetables,Fresh Vegetables,Hermanos,Hermanos Cauliflower
1436,Food,Produce,Vegetables,Fresh Vegetables,Hermanos,Hermanos Tomatos
1437,Food,Produce,Vegetables,Fresh Vegetables,Hermanos,Hermanos Mushrooms
1438,Food,Produce,Vegetables,Fresh Vegetables,Hermanos,Hermanos Baby Onion
1439,Food,Produce,Vegetables,Fresh Vegetables,Hermanos,Hermanos Dried Mushrooms
1440,Food,Produce,Vegetables,Fresh Vegetables,Hermanos,Hermanos Fresh Lima Beans
1441,Food,Produce,Vegetables,Fresh Vegetables,Hermanos,Hermanos Squash
1442,Food,Produce,Fruit,Fresh Fruit,Hermanos,Hermanos Limes
1443,Food,Produce,Packaged Vegetables,Tofu,Hermanos,Hermanos Firm Tofu
1444,Food,Produce,Specialty,Nuts,Hermanos,Hermanos Almonds
1445,Food,Produce,Fruit,Fresh Fruit,Hermanos,Hermanos Macintosh Apples
1446,Food,Produce,Fruit,Fresh Fruit,Hermanos,Hermanos Golden Delcious Apples
1447,Food,Produce,Fruit,Fresh Fruit,Hermanos,Hermanos Red Delcious Apples
1448,Food,Produce,Fruit,Fresh Fruit,Hermanos,Hermanos Lemons
1449,Food,Produce,Fruit,Fresh Fruit,Hermanos,Hermanos Fancy Plums
1450,Food,Produce,Fruit,Fresh Fruit,Hermanos,Hermanos Plums
1451,Food,Produce,Fruit,Fresh Fruit,Hermanos,Hermanos Peaches
1452,Food,Produce,Vegetables,Fresh Vegetables,Hermanos,Hermanos Broccoli
1453,Food,Produce,Fruit,Fresh Fruit,Hermanos,Hermanos Mandarin Oranges
1454,Food,Produce,Specialty,Nuts,Hermanos,Hermanos Mixed Nuts
1455,Food,Produce,Specialty,Nuts,Hermanos,Hermanos Canned Peanuts
1456,Food,Produce,Vegetables,Fresh Vegetables,Hermanos,Hermanos Sweet Onion
1457,Food,Produce,Fruit,Fresh Fruit,Hermanos,Hermanos Cantelope
1458,Food,Produce,Fruit,Fresh Fruit,Hermanos,Hermanos Honey Dew
1459,Food,Produce,Fruit,Fresh Fruit,Hermanos,Hermanos Fuji Apples
1460,Food,Produce,Specialty,Nuts,Hermanos,Hermanos Walnuts
1461,Food,Produce,Fruit,Fresh Fruit,Hermanos,Hermanos Oranges
1462,Food,Produce,Fruit,Fresh Fruit,Hermanos,Hermanos Tangerines
1463,Food,Produce,Specialty,Nuts,Hermanos,Hermanos Party Nuts
1464,Food,Seafood,Seafood,Fresh Fish,Amigo,Amigo Lox
1465,Food,Seafood,Seafood,Shellfish,Amigo,Amigo Scallops
1466,Food,Snack Foods,Snack Foods,Cookies,Fort West,Fort West Low Fat Cookies
1467,Food,Snack Foods,Snack Foods,Chips,Fort West,Fort West BBQ Potato Chips
1468,Food,Snack Foods,Snack Foods,Chips,Fort West,Fort West Corn Chips
1469,Food,Snack Foods,Snack Foods,Chips,Fort West,Fort West Low Fat BBQ Chips
1470,Food,Snack Foods,Snack Foods,Cookies,Fort West,Fort West Sugar Cookies
1471,Food,Snack Foods,Snack Foods,Cookies,Fort West,Fort West Chocolate Chip Cookies
1472,Food,Snack Foods,Snack Foods,Cookies,Fort West,Fort West Fudge Cookies
1473,Food,Snack Foods,Snack Foods,Cookies,Fort West,Fort West Fudge Brownies
1474,Food,Snack Foods,Snack Foods,Chips,Fort West,Fort West Potato Chips
1475,Food,Snack Foods,Snack Foods,Cookies,Fort West,Fort West Lemon Cookies
1476,Food,Snack Foods,Snack Foods,Cookies,Fort West,Fort West Graham Crackers
1477,Food,Snack Foods,Snack Foods,Crackers,Fort West,Fort West Cheese Crackers
1478,Food,Snack Foods,Snack Foods,Popcorn,Fort West,Fort West Buttered Popcorn
1479,Food,Snack Foods,Snack Foods,Popcorn,Fort West,Fort West No Salt Popcorn
1480,Food,Snack Foods,Snack Foods,Popcorn,Fort West,Fort West Low Fat Popcorn
1481,Food,Snack Foods,Snack Foods,Dips,Fort West,Fort West Salsa Dip
1482,Food,Snack Foods,Snack Foods,Dips,Fort West,Fort West Avocado Dip
1483,Food,Snack Foods,Snack Foods,Pretzels,Fort West,Fort West Salted Pretzels
1484,Food,Snack Foods,Snack Foods,Dips,Fort West,Fort West Cheese Dip
1485,Food,Snack Foods,Snack Foods,Dips,Fort West,Fort West Fondue Mix
1486,Food,Snack Foods,Snack Foods,Donuts,Fort West,Fort West Mini Donuts
1487,Food,Snack Foods,Snack Foods,Dried Meat,Fort West,Fort West Beef Jerky
1488,Food,Snack Foods,Snack Foods,Donuts,Fort West,Fort West Chocolate Donuts
1489,Food,Snack Foods,Snack Foods,Chips,Fort West,Fort West Low Fat Chips
1490,Food,Snack Foods,Snack Foods,Crackers,Fort West,Fort West Sesame Crackers
1491,Food,Snack Foods,Snack Foods,Cookies,Fort West,Fort West Frosted Cookies
1492,Food,Snack Foods,Snack Foods,Dried Fruit,Fort West,Fort West Dried Apples
1493,Food,Snack Foods,Snack Foods,Dried Fruit,Fort West,Fort West Apple Fruit Roll
1494,Food,Snack Foods,Snack Foods,Dried Fruit,Fort West,Fort West Strawberry Fruit Roll
1495,Food,Snack Foods,Snack Foods,Dried Fruit,Fort West,Fort West Raspberry Fruit Roll
1496,Food,Snack Foods,Snack Foods,Dried Fruit,Fort West,Fort West Grape Fruit Roll
1497,Food,Snack Foods,Snack Foods,Dried Fruit,Fort West,Fort West Dried Dates
1498,Food,Snack Foods,Snack Foods,Dried Fruit,Fort West,Fort West Raisins
1499,Food,Snack Foods,Snack Foods,Dried Fruit,Fort West,Fort West Golden Raisins
1500,Food,Snack Foods,Snack Foods,Dried Fruit,Fort West,Fort West Dried Apricots
1501,Food,Snack Foods,Snack Foods,Donuts,Fort West,Fort West Frosted Donuts
1502,Food,Snacks,Candy,Chocolate Candy,Gulf Coast,Gulf Coast Tasty Candy Bar
1503,Food,Snacks,Candy,Chocolate Candy,Gulf Coast,Gulf Coast Mint Chocolate Bar
1504,Food,Snacks,Candy,Chocolate Candy,Gulf Coast,Gulf Coast Malted Milk Balls
1505,Food,Snacks,Candy,Chocolate Candy,Gulf Coast,Gulf Coast Semi-Sweet Chocolate Bar
1506,Food,Snacks,Candy,Gum,Gulf Coast,Gulf Coast Bubble Gum
1507,Food,Snacks,Candy,Hard Candy,Gulf Coast,Gulf Coast Spicy Mints
1508,Food,Snacks,Candy,Hard Candy,Gulf Coast,Gulf Coast Mints
1509,Food,Snacks,Candy,Chocolate Candy,Gulf Coast,Gulf Coast White Chocolate Bar
1510,Food,Starchy Foods,Starchy Foods,Pasta,Jardon,Jardon Ravioli
1511,Food,Starchy Foods,Starchy Foods,Pasta,Jardon,Jardon Manicotti
1512,Food,Starchy Foods,Starchy Foods,Pasta,Jardon,Jardon Spaghetti
1513,Food,Starchy Foods,Starchy Foods,Rice,Jardon,Jardon Thai Rice
1514,Food,Starchy Foods,Starchy Foods,Rice,Jardon,Jardon Rice Medly
1515,Drink,Alcoholic Beverages,Beer and Wine,Beer,Top Measure,Top Measure Imported Beer
1516,Drink,Alcoholic Beverages,Beer and Wine,Wine,Top Measure,Top Measure Light Wine
1517,Drink,Alcoholic Beverages,Beer and Wine,Wine,Top Measure,Top Measure Chardonnay Wine
1518,Drink,Alcoholic Beverages,Beer and Wine,Wine,Top Measure,Top Measure Chablis Wine
1519,Drink,Alcoholic Beverages,Beer and Wine,Wine,Top Measure,Top Measure Merlot Wine
1520,Drink,Alcoholic Beverages,Beer and Wine,Wine,Top Measure,Top Measure Chardonnay
1521,Drink,Alcoholic Beverages,Beer and Wine,Wine,Top Measure,Top Measure White Zinfandel Wine
1522,Drink,Alcoholic Beverages,Beer and Wine,Beer,Top Measure,Top Measure Light Beer
1523,Food,Baked Goods,Bread,Sliced Bread,Modell,Modell Pumpernickel Bread
1524,Food,Baked Goods,Bread,Sliced Bread,Modell,Modell White Bread
1525,Food,Baked Goods,Bread,Sliced Bread,Modell,Modell Rye Bread
1526,Food,Baked Goods,Bread,Muffins,Modell,Modell English Muffins
1527,Food,Baked Goods,Bread,Muffins,Modell,Modell Cranberry Muffins
1528,Food,Baked Goods,Bread,Muffins,Modell,Modell Muffins
1529,Food,Baked Goods,Bread,Bagels,Modell,Modell Bagels
1530,Food,Baked Goods,Bread,Muffins,Modell,Modell Blueberry Muffins
1531,Food,Baked Goods,Bread,Sliced Bread,Modell,Modell Wheat Bread
1532,Food,Baking Goods,Baking Goods,Cooking Oil,CDR,CDR Sesame Oil
1533,Food,Baking Goods,Jams and Jellies,Peanut Butter,CDR,CDR Chunky Peanut Butter
1534,Drink,Beverages,Hot Beverages,Chocolate,CDR,CDR Hot Chocolate
1535,Food,Baking Goods,Baking Goods,Sugar,CDR,CDR Brown Sugar
1536,Food,Baking Goods,Baking Goods,Sugar,CDR,CDR White Sugar
1537,Drink,Beverages,Hot Beverages,Coffee,CDR,CDR French Roast Coffee
1538,Drink,Beverages,Hot Beverages,Coffee,CDR,CDR Decaf Coffee
1539,Drink,Beverages,Hot Beverages,Coffee,CDR,CDR Regular Coffee
1540,Food,Baking Goods,Baking Goods,Cooking Oil,CDR,CDR Vegetable Oil
1541,Food,Baking Goods,Baking Goods,Cooking Oil,CDR,CDR Corn Oil
1542,Food,Baking Goods,Baking Goods,Sauces,CDR,CDR Tomato Sauce
1543,Food,Baking Goods,Baking Goods,Cooking Oil,CDR,CDR Canola Oil
1544,Food,Baking Goods,Jams and Jellies,Preserves,CDR,CDR Grape Preserves
1545,Drink,Beverages,Hot Beverages,Coffee,CDR,CDR Columbian Coffee
1546,Food,Baking Goods,Jams and Jellies,Jelly,CDR,CDR Strawberry Jelly
1547,Food,Baking Goods,Baking Goods,Spices,CDR,CDR Pepper
1548,Food,Baking Goods,Jams and Jellies,Preserves,CDR,CDR Low Fat Apple Butter
1549,Food,Baking Goods,Baking Goods,Spices,CDR,CDR Salt
1550,Food,Baking Goods,Jams and Jellies,Preserves,CDR,CDR Apple Butter
1551,Food,Baking Goods,Baking Goods,Spices,CDR,CDR Oregano
1552,Food,Baking Goods,Jams and Jellies,Jelly,CDR,CDR Apple Jelly
1553,Food,Baking Goods,Jams and Jellies,Jam,CDR,CDR Grape Jam
1554,Food,Baking Goods,Jams and Jellies,Jam,CDR,CDR Apple Jam
1555,Food,Baking Goods,Jams and Jellies,Jam,CDR,CDR Strawberry Jam
1556,Food,Baking Goods,Jams and Jellies,Peanut Butter,CDR,CDR Creamy Peanut Butter
1557,Food,Baking Goods,Jams and Jellies,Preserves,CDR,CDR Strawberry Preserves
1558,Food,Baking Goods,Jams and Jellies,Peanut Butter,CDR,CDR Extra Chunky Peanut Butter
1559,Food,Baking Goods,Jams and Jellies,Preserves,CDR,CDR Apple Preserves
1560,Food,Baking Goods,Jams and Jellies,Jelly,CDR,CDR Grape Jelly
